platform,country,app_id,app_name,description,genre,store_url,idea_desc,collected_data,category_id,function_type,is_boundary_case,note
android,kr,com.yybskr.google,유유백서: 격전,"클래식 명작이 모바일 앱 게임으로 재현했습니다!​​
「유유백서」 애니메이션 제작 위원회 공식 라이선스를 받은최신 모바일 게임!
불량학생 우라메시 유스케는 교통사고로  유명(幽冥)을 달리했습니다. 그러나 유스케의 영혼은 영계 가이드 보탄을 만나 자신의 죽음이 영계 예측을 벗어난 알려주었으며, 시련을 통과하면 부활할 수 있다는 사실을 알게 된다...이렇게 시작된 모험! 동료를 모아 시련을 극복하며 「유유백서」의 세계에서 모험을 즐겨 보세요! 

원작 애니메이션 세계관의 충실적 재현!  정성껏 만든 클래식 장면
원작 세계관을 존중하여 카툰 렌더링 기술로 구현한 고해상도 클래식 장면!
애니메이션 스토리 기반으로 몰입감 넘치는 임무를 준비해 놓았습니다. 
손안에서 펼쳐지는 애니메이션의 감동을 다시 느껴 보세요! 

▶스토리 동료 집결! 전략적 파티 조합​! 
​​애니메이션 캐릭터 총집결! 꿈의 라인업 구축!​​
​​우라메시 유스케, 쿠와바라 카즈마, 휴이, 쿠라마부터
​​겐카이・토구로 동생・센스이・요미까지 전 캐릭터 출전!
전투에 따라 캐릭터와 스킬 조합으로 전략을 바꿔 승부하라! 

▶ 풍부한 인게임 콘텐츠! 최강에 향한 길
​​다채로운 모드로 최강에 도전하라!​​ 
​​암흑무술회, ​​마계 동굴​​, 마계 통일 대회​​​​ 등
PVE・PVP・GVG 콘텐츠가 넘쳐흐른다! 모든 도전을 정복하라!

​​▶ 호화 성우진!  3D 모델링​​ 기술 ! 
​​3D 모델링​​ 개성 넘치는 캐릭터 구현화 !​​
원작 애니메이션 성우들의 풀 보이스 수록! 

우라메시 유스케  CV: ​​사사키 노조무
쿠와바라 카즈마 CV: ​​치바 시게루
휴이 CV: ​​히야마 노부유키
쿠라마 CV: ​​오가타 메구미 ​​
토구로 동생 CV: ​​겐다 데츠쇼외 등등

최신 정보를 얻으러 공식 커뮤니테에 가입하세요!",롤플레잉,https://play.google.com/store/apps/details?id=com.yybskr.google&hl=ko&gl=kr,,,,,,
android,kr,com.sonl.tlginsumk,질병관리 - 예방접종도우미 누리집,"질병관리 누리집은  사용자 위치를 기반으로 감염병 위험도 예측과 계절별 주요 감염병 정보를 제공합니다. 또한 예방 수칙과 간단한 질문 응답 기능을 통해 사용자의 건강 관리를 용이하게 합니다. 이를 통해 정확하고 신속한 정보를 제공하여 사용자의 안전과 건강한 삶을 즐길 수 있도록 돕고 있습니다.

->지역별 감염병 위험도
질병관리 누리집은  사용자가 위치를 입력하면 해당 지역의 감염병 위험도를 즉시 확인할 수 있습니다. 이를 통해 사용자는 주변 환경에서 발생할 수 있는 감염병에 대한 경각심을 높일 수 있고, 필요 시 예방 조치를 취할 수 있습니다. 사용자의 건강과 안전을 위한 신속하고 정확한 정보 제공을 목표로 합니다.

->계절별 주요 감염병
각 계절마다 특정한 감염병이 발생할 가능성이 높아지므로 사용자는 해당 계절에 대비하여 예방 조치를 취할 수 있습니다. 질병관리 누리집 사용자는 건강을 지키면서 감염병에 대한 인식을 높일 수 있습니다.

->자주묻는 질문
사용자들이 가장 궁금해하는 주제에 대한 답변을 제공합니다. 간편하게 원하는 정보를 찾을 수 있고, 자주 묻는 질문을 통해 사용자들이 감염병에 대한 이해를 높일 수 있습니다.

※ 이 앱은 정부 혹은 정부 기관을 대표하는 앱이 아닙니다.
※ 이 앱은 양질의 정보를 제공하기 위하여 제작한 앱으로 어떠한 책임을 지지 않습니다.
※ 출처 질병관리청 홈페이지 : https://www.kdca.go.kr/",생산성,https://play.google.com/store/apps/details?id=com.sonl.tlginsumk&hl=ko&gl=kr,,,,,,
android,kr,com.negendiagnostics,Negen Diagnostics,"Negen Diagnostics는 안드라 프라데시의 의료 요구 사항을 충족하는 데 전념하는 선구적인 의뢰 실험실 및 진단 센터입니다. 고급 진단 서비스와 지역 의료 전문가 간의 격차를 해소하겠다는 비전적인 목표로 설립된 우리는 의사와 병원이 포괄적인 전문 진단 서비스에 직접 접근할 수 있도록 보장하는 주 최초의 회사입니다. 우리 시설은 단순한 실험실 그 이상입니다. 이는 의료 진단 분야에서 비교할 수 없는 정확성과 효율성을 제공하겠다는 약속입니다.

Negen Diagnostics에서는 의료 서비스 제공 방식에 혁명을 일으키기 위해 최선을 다하고 있습니다. 의료에서 시의적절하고 정확한 진단이 얼마나 중요한 역할을 하는지 이해하고 UpToDate 기술, 첨단 장비, 전문 전문가 팀에 투자해 왔습니다. 이는 일상적인 테스트이든 복잡한 유전자 분석이든 Negen Diagnostics가 비교할 수 없는 정확성과 속도를 제공한다는 것을 의미합니다. 이러한 노력은 의료 서비스 제공자가 정보에 입각한 결정을 신속하게 내릴 수 있도록 보장하여 의료 의사 결정에 중요한 환자 치료 및 결과를 향상시킵니다.

Negen Diagnostics를 차별화하는 것은 우리의 독특한 전문 분야인 유전학 및 유전체학에 중점을 두고 있다는 것입니다. 빠르게 발전하는 의학 분야에서 유전병 식별부터 맞춤 의학 맞춤화에 이르기까지 유전자 및 게놈 테스트의 잠재력은 엄청납니다. 네겐다이노스틱스의 초석은 맞춤형 의료에 대한 우리의 약속입니다. 이는 각 환자의 개별적인 특성에 맞는 의료 치료를 제공하는 미래 지향적인 접근 방식입니다. 개인의 유전 물질에 초점을 맞춤으로써 건강 결과를 최적화하는 맞춤형 치료 경로를 찾아냅니다. 약물유전체학, 웰니스, 종양유전체학 등의 분야에서 네겐진단은 단순히 의료의 미래에만 참여하는 것이 아닙니다. 우리는 그것을 적극적으로 형성하고 있습니다.


환자 중심 접근 방식을 통해 우리는 수행하는 모든 테스트가 단순한 절차가 아닌 사람들을 위한 더 건강한 미래를 향한 발걸음이 되도록 최선을 다하고 있습니다. Negen Diagnostics는 과학이 연민을 만나 윤리적인 방식으로 삶을 변화시키는 의료 분야의 신뢰할 수 있는 파트너입니다.",건강/운동,https://play.google.com/store/apps/details?id=com.negendiagnostics&hl=ko&gl=kr,,,,,,
android,kr,com.appovo.bmicalculator,체질량지수 계산기,"이 BMI 계산기를 사용하면 체중, 신장, 나이 및 성별에 대한 관련 정보를 바탕으로 체질량 지수 (BMI)를 계산하고 평가할 수 있습니다.

과체중 및 비만은 고혈압, 심장 질환 및 당뇨병과 같은 질병의 위험 요소이므로 이상적인 체중을 찾기 위해 신체 상태를 확인하십시오. 체중 감량이나 다이어트를 원한다면 건강한 체중을 찾아내는 데에도 사용할 수 있습니다.

BMI 계산기에서 사용되는 BMI 분류에 대한 자세한 내용은 세계 보건기구 (WHO)의 웹 사이트에서 볼 수 있습니다.

★★★★★ - 우리의 응용 프로그램을 좋아한다면 평가 해주세요!

비판, 칭찬,이 응용 프로그램의 문제? 이메일 (info@appovo.com)을 통해 언제든지 문의 해주십시오.",건강/운동,https://play.google.com/store/apps/details?id=com.appovo.bmicalculator&hl=ko&gl=kr,,,,,,
android,kr,bmicalculator.bmi.calculator.weightlosstracker,BMI 계산기 - 체질량지수 계산기 & 무게 일기,"이 <b>BMI 계산기</b>를 사용하면 나이, 성별, 키, 체중을 입력하여 간편하게 자신의 BMI(체질량 지수)를 계산할 수 있습니다. WHO BMI 분류 방식에 근거하여 설계되었으며, 미터법 및 야드파운드법을 모두 지원합니다.

<b>가능한 작업:</b>
🔢 과학적으로 BMI 계산
⚖️ 이상적인 체중을 찾고 전문적인 팁 획득
📊 BMI 데이터를 기록하고 건강 변화 추적
👨‍👩‍👧‍👦 어른, 청소년, 아이 등 누구나 사용 가능!

과체중 또는 비만은 고혈압, 심장병, 당뇨병 등 비만과 관련된 질병의 위험성을 증가시킵니다. 이상적인 체중을 찾고 이를 달성하기 위해 노력할 때입니다. BMI 계산기는 적합한 식단을 확인하고 조정하며 체중 감량 과정을 추적하는 데에도 도움이 됩니다.

<b>이 앱이 필요한 이유:</b>
자신의 BMI를 알고 체중 변화를 한 눈에 확인하고 싶으세요?
비만과 관련된 질병을 예방하고 싶으세요?
최적에 체중에 도달하는 데 유용한 팁을 알고 싶으세요?
아이들을 위한 BMI 계산기를 찾고 계세요?

체중 관리와 건강 개선을 위한 유용한 출발점으로 지금 이 앱을 다운로드하세요. 🤩",건강/운동,https://play.google.com/store/apps/details?id=bmicalculator.bmi.calculator.weightlosstracker&hl=ko&gl=kr,,,,,,
android,kr,com.bluefish.BMICalculator,비만도 측정 BMI 계산기,"<b> 사용하기 쉬운 대화식 UI </b>
    1. 손가락 움직임만으로 쉽게 체중(몸무게)과 신장(키)을 입력하세요.
    2. 자동으로 1) BMI, 2) 이상적 정상체중과의 차이, 3) BMI 비만도 영역계산 (즉, 비만 1/2/3단계 , 과체중, 정상, 저체중)
    3. 아름다운 애니메이션으로 계산된 결과보기

<b> BMI 영역 완전 지원 </b>
    1. 최고의 체중 감량을위 한 BMI 영역 자동 계산
    2. 모든 BMI 영역 (즉, 비만 1/2/3단계 , 과체중, 정상, 저체중)
    3. 체중 감소 및 체중 조절에 도움이 됩니다.

<b> 미터법 및 영국식 단위 및 자동 단위 변환 지원 </b>
    1. 체중(몸무게)는 kg 및 lb (파운드)로 지정할 수 있습니다.
    2. 신장(키)은 cm 및 ft + in (feet + inch)으로 지정할 수 있습니다.
    3. 단위를 쉽게 바꾸고 자동 단위 변환을 지원합니다.

<b> 모두 무료 </b>
    1. 계산 및 기능이 무제한

<b> BMI 비만도 계산기 앱 사용 방법 </b>
* 빨간 점 (거시제어)을 이동하거나 왼쪽 / 오른쪽 화살표 (미세제어)를 클릭하여 체중과 몸무게를 조정하십시오! 우리앱에서는 BMI 계산에 영향을주지 않기 때문에 나이와 성별을 사용하지 않습니다.

* 미국 국립 심장, 폐 및 혈액 연구소 (NIH)에 따르면, BMI의 정상 범위는 18.5 ~ 25입니다.이 수준의 BMI를 유지하는것이 건강한 삶을 유지하는 것이 크게 도움이 됩니다.
* 체질량/체지방 지수 (BMI)는 건강과 운동에 매우 중요합니다. BMI 계산기를 사용하여 BMI (체질량, 체지방지수)관리를 시작할 수 있습니다.
* 귀중한 의견을 보내 주시면 감사하겠습니다. bugfish12390@gmail.com으로 버그를 신고하거나 기능을 요청하십시오.",건강/운동,https://play.google.com/store/apps/details?id=com.bluefish.BMICalculator&hl=ko&gl=kr,,,,,,
android,kr,com.bmi.bmr.tdee.calculator.tracker.weight.loss,BMI 계산기 - 이상 체중 계산기,"BMI 계산기 앱으로 몸과 피트니스를 관리하세요. 자신의 몸을 이해하고, 결과를 기록하며, 모든 체형에 맞게 설계된 BMI 체중 계산기를 사용하여 동기를 유지하세요.

이 BMI 계산기와 이상 체중 계산기 앱은 중요한 체성분 지표를 계산하고, 식단 계획을 따르며, 레시피를 탐색하고, 피트니스 블로그를 읽고, 시간을 두고 진행 상황을 추적하는 데 도움을 줍니다. 체중을 줄이고 싶든, 근육을 늘리고 싶든, 몸을 더 잘 이해하고 싶든, 키와 체중으로 BMI 계산기 앱은 정확한 체질량지수 계산기를 사용하여 필수 도구를 한 곳에 모두 모아 제공합니다.

🥗 식단 계획 & 레시피
무료 BMI 체중 추적기를 사용하여 진행 상황을 모니터링하면서 일상적인 피트니스용 간단한 식사 아이디어와 레시피를 즐기세요:
체중 감량용 아침 식사
- 지방 연소 수프
- 고단백 식사
- 저칼로리 샐러드
- 건강한 식사 계획
각 레시피에는 명확한 지침, 재료, 칼로리 정보가 포함되어 있어 BMI 이상 체중 계산기로 균형 잡힌 선택을 지원합니다.

📝 피트니스 블로그 & 일일 가이드
• 지방 연소를 돕는 과일
• 키와 체중으로 BMI 계산기 (나이 포함)
• 간단한 운동 루틴
• 근력 운동 팁
• 식사 계획 아이디어
• 동기 부여 및 진행 팁
• BMI 계산기와 BMR 계산기 (체중 감량용)
이 블로그들은 누구나 따라할 수 있는 쉬운 설명을 제공합니다.

⚡ 빠른 계산, 쉬운 결과
깔끔한 비주얼, 색상 코드 표시, 정확한 범주로 체지방률 계산 앱으로 빠른 결과를 얻으세요.
BMI 체중 계산기로 키와 체중을 확인하고, 체지방을 평가하며, 칼로리 필요량을 이해하고, 언제든지 결과를 비교할 수 있습니다.
미터법 및 영국식 단위 지원, 연령별 입력, 성별 조정 결과를 제공하며, 정확한 체질량지수 계산기와 BMR 계산기 공식 사용.

📈 일별, 주별 & 월별 통계
무료 BMI 계산기 앱을 사용하여 보기 쉬운 차트와 자세한 기록으로 진행 상황을 추적하세요:
- BMI 이상 체중
- 신체 측정
- 체중 변화
- BMI BMR TDEE 계산기
- 칼로리 및 수분 섭취
- BMI 체중 추적기
체중 감량용 BMR 계산기, 식단 계획자, 또는 이상 체중 계산기를 사용하여 일관성을 유지하려는 모든 사용자에게 적합합니다.

주요 기능:
• BMI (체질량지수)
• BMR (기초대사율)
• IBW (이상 체중)
• DWI (일일 물 섭취량)
• WHR (허리-엉덩이 비율)
• WHR (허리-신장 비율)
• BAI (체지방 지수)
• BFP (체지방률)
• CHR (가슴-엉덩이 비율)
• BFS (체지방 점수)
• LBM (제지방량)
• TDEE (총 일일 에너지 소비량)
• EER (추정 에너지 필요량)
이 도구들은 자신의 체형을 이해하고, 목표를 계획하며, 고급 BMI 체중 계산기 방법을 통해 결과를 추적하는 데 도움을 줍니다.

⭐ 이 BMI 계산기 & 이상 체중 계산기 앱을 선택하는 이유
모든 필수 체계 계산기가 한 곳에 있으며, BMI 지수 계산기와 일일 레시피, 식단 아이디어도 포함되어 있습니다. 깔끔하고 단순하며 사용하기 쉬운 디자인의 블로그에서 안내를 확인하세요. BMI 지방 계산기를 사용하거나, 체지방을 추적하거나, 식사를 계획하거나, 루틴을 따르든, 무료 BMI 계산기 앱은 체중 감량, 체중 증가, 전반적인 피트니스를 지원하며, 동기 부여와 정보를 제공합니다.

다운로드 & 공유
BMI 계산기와 이상 체중 계산기 앱을 다운로드하고, 구조화된 지표, 일일 인사이트, 실용적인 식단 및 피트니스 리소스로 몸을 관리하세요.

면책 조항: 저희 앱은 독립적으로 개발되었으며, 독창적이고 고객님의 개인정보를 존중합니다. 저희는 고객님의 데이터를 제3자와 공유하지 않습니다.

개인정보처리방침
https://calculator-online.net/privacy-policy/
서비스 약관
https://calculator-online.net/terms-of-service/
지원 이메일: eclix.suport@gmail.com",건강/운동,https://play.google.com/store/apps/details?id=com.bmi.bmr.tdee.calculator.tracker.weight.loss&hl=ko&gl=kr,,,,,,
android,kr,mmapps.bmi.calculator,이상적인 체중 - BMI 계산기 및 추적기,"그냥 하세요...

말이 쉽지 실천은 항상 어렵습니다. 하지만 최고의 일일 몸무게 추적기이자 BMI 계산기인 Ideal Weight(TM)로는 가능합니다. Ideal Weight로 가장 중요한 정보를 한눈에 확인할 수 있습니다. 슬라이더를 활용하여 몸무게를 선택하면 추적기가 체중 바퀴를 사용하여 사용자의 BMI를 계산합니다. 계산할 때마다 앱이 자동으로 사용자의 데이터를 저장합니다. 사용법은 이렇게 간단합니다.

그래프를 통해 몇 초 안에 알고 싶은 것을 정확하게 확인할 수 있습니다. 월간 화면에서는 몸무게 조절을 위해 실행한 최근 다이어트의 효과를 확인할 수 있으며 3개월 단위 화면과 1년 화면에서는 계속해서 자신의 몸무게 변화 과정을 모니터링하고 추적할 수 있습니다. Ideal Weight는 몸무게 감량 목표를 쉽고 빠르게 달성할 수 있는 방법입니다. 이 앱으로 몸무게를 스트레스 없이 더 빨리 조정하세요.

쉬운 시작:
- 성별, 나이 및 키 입력
- 슬라이더를 활용하여 현재 몸무게를 선택하면 준비 완료

스트레스 없이 지속하기:
- 수고로움 없이 - 슬라이더에 남은 최종 몸무게를 앱이 매번 저장
- 세 가지 색상의 그래프 - 1개월, 3개월, 1년 단위
- 나이, 키, 원하는 단위로 통계를 쉽게 변경

새해을 맞이하여 혹은 결혼을 준비하면서 다이어트를 결심하셨나요? 스트레스 없이 몸무게를 조절할 수 있도록 도와드리겠습니다. 현재 몸무게만 입력하면 시작할 수 있습니다.

이 앱은 의료 기기가 아니며 어떠한 질병도 진단, 치료, 완치 또는 예방하지 않습니다. 의료 관련 사항은 항상 자격을 갖춘 의료 전문가와 상담하십시오.	Ideal Weight를 다운로드하고 목표를 향해 첫발을 내딛으세요.",건강/운동,https://play.google.com/store/apps/details?id=mmapps.bmi.calculator&hl=ko&gl=kr,,,,,,
android,kr,com.cit.bmi.bmr.bodyfatpercentage.calculator,BMI 계산기 - 이상적인 체중,"체질량지수(BMI) 계산기는 사람의 키와 몸무게 계산기 사이의 관계를 평가하는 데 유용한 도구입니다. 개인이 저체중, 정상체중, 과체중, 비만 이상체중인지를 나타내는 수치를 제공합니다. BMI 계산기 - 여성의 이상적인 체중(bmi)을 사용하면 전반적인 신체 구성에 대한 통찰력을 얻고 잠재적으로 다양한 건강 계산기 상태에 대한 위험을 평가할 수 있습니다.
 
<b>기능</b>
-BMR 계산기
-BMI 계산기 또는 BMI 추적기
-일상 수분 섭취 권장사항
-칼로리 소모
-제지방량 지수
- 건강 계산기
-바디 프레임 크기
-가슴 대 엉덩이 비율
- 일일 칼로리 섭취량
-BMI 이상적인 체중 계산기
-허리 대 신장 비율
-허리와 엉덩이 비율
-신체 비만
-BMI BMR 앱
-BMI 이상적인 체중 계산기
-BMI 계산기 - 연령에 따른 이상적인 체중(bmi)

체질량 지수 BMI 계산기(여성의 이상적인 체중(bmi))는 유용한 추정치를 제공하지만 한계가 있다는 점에 유의하는 것이 중요합니다. 개인의 건강 상태에 영향을 미칠 수 있는 근육량, 골밀도, 지방 분포와 같은 요소는 고려되지 않습니다. 따라서 전반적인 건강과 신체 구성 건강 계산기 및 이상적인 체중 계산기에 대한 종합적인 평가를 받으려면 항상 의료 전문가와 상담하는 것이 좋습니다.


BMI 계산기 - 이상적인 체중(bmi) 여성은 키와 bmi 이상적인 체중 계산기를 활용하여 체질량 지수를 결정하는 편리한 도구입니다. 이는 체중 상태를 평가하기 위한 초기 기준점 역할을 하지만 건강에 대한 완전한 그림을 제공하지는 않는다는 점을 기억하는 것이 중요합니다. 보다 포괄적인 평가를 위해서는 건강 계산기 및 이상적인 체중 계산기에 대한 철저한 평가를 위해 추가 요소를 고려할 수 있는 의료 전문가와 상담하세요.

획득한 체질량지수 BMI 트래커 값을 기반으로 설정된 범위를 사용하여 결과를 해석할 수 있습니다. BMI가 18.5 미만이면 일반적으로 저체중임을 나타내고, 18.5에서 24.9 사이의 값은 정상적인 이상적인 체중 계산기를 나타냅니다. BMI가 25에서 29.9 사이이면 과체중을 의미하며, 30 이상이면 일반적으로 비만 건강 계산기 및 이상적인 체중 계산기를 의미합니다.

이 모든 기능이 하나의 애플리케이션에 있습니다.
체질량지수 BMI 계산기 - 여성의 이상적인 체중(bmi)을 사용할 때 키와 bmi 이상적인 체중 계산기를 입력하면 계산기는 간단한 계산을 수행하여 BMI 계산기 - 여성의 이상적인 체중(bmi)을 결정합니다. 이 측정값은 BMI 이상적인 체중(킬로그램)을 키(미터)의 제곱으로 나눈 값입니다. 결과 값은 체지방 건강 계산기의 일반적인 지표입니다.

<i><b> !! 면책 조항 !! </b> BMI 계산기는 귀하의 키와 BMI에 따른 이상 체중 계산기를 사용하여 귀하의 체질량 지수를 결정하는 편리한 도구입니다. 이는 귀하의 체중 상태를 평가하기 위한 초기 참고점으로 기능하지만, 이것이 귀하의 건강에 대한 완전한 그림을 제공하지 않는다는 점을 기억하는 것이 중요합니다. 보다 포괄적인 평가를 위해서는 추가적인 요소를 고려하여 철저한 평가를 할 수 있는 건강 전문가와 상담하십시오.</i>",건강/운동,https://play.google.com/store/apps/details?id=com.cit.bmi.bmr.bodyfatpercentage.calculator&hl=ko&gl=kr,,,,,,
android,kr,com.bodyfatai.app,bodyfatAI: AI Body Fat Scanner,"bodyfatAI는 체형 사진을 통해 체지방과 근육량을 추정하고 시간 경과에 따른 변화를 추적하는 데 도움을 줍니다. 캘리퍼스나 수동 측정 없이도 가능합니다.

이용 약관: https://bodyfatai.app/terms

성인(18세 이상)을 대상으로 합니다. 계정 생성 시 연령 확인이 필요합니다.
면책 조항: BodyfatAI는 웰니스/피트니스 추정치만 제공하며 의료 기기가 아닙니다. 질병을 진단, 치료, 완치 또는 예방하지 않습니다. 결과는 추정치이며 정확하지 않을 수 있습니다. 의학적 조언이 필요하거나 건강에 대한 결정을 내리기 전에 항상 자격을 갖춘 의료 전문가와 상담하십시오.",건강/운동,https://play.google.com/store/apps/details?id=com.bodyfatai.app&hl=ko&gl=kr,,,,,,
android,kr,com.onesoftdigm.fitrus,피트러스 Fitrus,"피트러스는 흩어져 있는 건강·웰니스 데이터를 하나로 모아, 내 몸의 변화를 쉽고 명확하게 이해할 수 있도록 돕는 스마트 웰니스 앱입니다.
1. 종합 웰니스 대시보드
매일 쌓이는 건강 지표를 하나의 화면에서 한눈에 모니터링하세요.* 더 이상 여러 앱을 번갈아 볼 필요가 없습니다.
2. 직관적인 데이터 시각화
복잡한 숫자를 이해하기 쉬운 그래프로 보여드립니다. 일간, 주간, 월간, 연간 단위로 자유롭게 탐색하며 내 몸의 패턴과 리듬을 발견하세요.
3. 더 똑똑한 수면 인사이트
수면 효율, 수면 시간, 수면 균형을 추적하여 하나의 점수로 보여줍니다. 오늘 내 수면의 질이 어떠한지, 어떤 부분에 더 관심을 가지면 좋을지 한눈에 파악할 수 있습니다.*
4. 투명한 데이터 상세 내역
요약 너머의 진짜 데이터를 살펴보세요. 각 건강 지표의 기록값과 출처를 시간대별로 직접 살펴볼 수 있습니다.
5. 나만을 위한 맞춤형 웰니스 코칭
일상의 활동과 생활 습관을 바탕으로 한 맞춤형 조언을 제공합니다. 일상적인 언어로 동기를 부여합니다.
피트러스가 더 나은 웰니스 라이프를 함께합니다.

사용 전 확인해주세요!
Fitrus는 일반적인 건강 정보를 제공하는 웰니스 및 라이프스타일 앱으로, 의료기기가 아니며 해당 서비스가 제공하는 정보는 의학적 조언, 진단 또는 치료를 대신하지 않습니다. 건강에 이상이 있거나 의료적 판단이 필요한 경우, 반드시 의료 전문가와 상담하시기 바랍니다.
본 앱의 건강 추적 기능을 이용하기 위해서는 Fitrus Watch 또는 Fitrus Plus가 필요합니다. 피트러스 디바이스를 통해 정보를 앱에서 모니터링할 수 있으며* 앱 내 직접 입력을 통해 추가 정보를 기록할 수 있습니다.
*면책 고지: 사용자가 직접 입력하는 건강 정보 기록 서비스를 제외한 앱 내 모든 건강 관련 기능은 연동된 피트러스 디바이스의 데이터를 동기화하여 기록합니다. 모든 건강 관련 정보는 일반적인 웰니스 참고 목적으로만 제공되며, 의학적 조언, 진단 또는 치료를 구성하지 않습니다. 건강 이상이 있거나 의료적 판단이 필요한 경우, 의료 전문가와 상담하시기 바랍니다.",건강/운동,https://play.google.com/store/apps/details?id=com.onesoftdigm.fitrus&hl=ko&gl=kr,,,,,,
android,kr,com.mobso.bmicalculator,BMI Calculator,"간편하고 가벼우면서도 정확한 무료 BMI 계산기 앱을 찾고 있다면, 이 앱이 딱입니다. BMI 계산기를 사용하면 키와 몸무게를 입력하는 즉시 체질량 지수(BMI)를 계산할 수 있습니다. BMI 계산기의 키와 몸무게 공식은 체중이 건강한 범위에 있는지 확인하는 가장 쉬운 방법 중 하나입니다.
BMI는 전 세계적으로 사람들을 저체중, 정상 체중, 과체중, 비만으로 분류하는 데 사용됩니다. 정상 BMI는 키에 비해 몸무게가 균형을 이룬 상태를 의미하며, 높거나 낮은 BMI는 건강 위험을 나타낼 수 있습니다. 이 앱을 사용하면 BMI를 간편하게 계산, 추적, 파악할 수 있습니다.
BMI 계산기의 주요 기능
간편한 BMI 계산 - 키와 몸무게를 kg, cm 또는 lbs, ft 단위로 입력하세요. BMI 계산기(kg, cm 모드)는 미터법 사용자에게 적합합니다.
오프라인 BMI 계산기 - 인터넷 없이도 언제 어디서나 사용 가능합니다.
BMI 차트 및 카테고리 - 명확한 BMI 계산기 BMI 차트를 통해 자신의 BMI 수준을 확인하세요.
어린이용 BMI 계산기 - 부모는 어린이용 BMI 계산기 기능을 통해 성장 상태를 확인할 수 있습니다.
이상적인 체중 계산기 - 나이와 키에 따른 건강한 체중 범위를 보여줍니다.
진행 상황 추적 - BMI 계산기 체중 추적기를 사용하여 결과를 기록하고 모니터링하세요.
시각적 BMI 계산기 - 차트와 간단한 시각 자료로 구성된 깔끔한 디자인
광고 없음(Pro 옵션) - 광고 없는 BMI 계산기로 업그레이드하여 간편한 BMI 계산기를 사용하세요.
BMI 계산기 앱을 선택해야 하는 이유
오프라인에서 접속 가능한 무료 BMI 계산기 앱입니다.
어린이와 성인 모두 사용 가능합니다.
kg, cm, lbs, ft 단위로 쉽게 전환할 수 있습니다.
BMI 계산기 체중 감량 추적 기능이 포함되어 있습니다.
다이어트 및 피트니스를 위한 BMI BMR 매크로 계산기로 사용할 수 있습니다.
가볍고 다국어를 지원하며 사용하기 쉽습니다.
이러한 기능으로 인해 인도, 미국, 영국, 캐나다, 말레이시아, 방글라데시 등 전 세계 사용자에게 이상적입니다.
BMI 계산기는 누구에게 유용할까요?
이 앱은 모두를 위해 설계되었습니다.
학생과 학부모 - 어린이용 BMI 계산기 기능을 사용하여 건강한 성장을 확인하세요.
성인 - 언제든지 BMI를 계산하여 체중이 정상 범위에 있는지 확인하세요.
운동 애호가 - BMI 계산기 체중 감량 기능을 사용하여 진행 상황을 추적하세요.
건강에 관심 있는 분 - 간편한 BMI 계산기를 사용하여 체중을 모니터링하세요.
매일 건강 검진, BMI 계산기 체중 추적 도구 또는 단순한 호기심으로 사용하든, 이 앱은 명확하고 정확한 결과를 제공합니다.
BMI 분류(WHO 지침)
💙 BMI < 18.5 - 저체중. 체중 증가가 필요할 수 있습니다. 의사 또는 영양사와 상담하세요.
💚 BMI 18.5–24.9 - 건강한 체중. 이 체중을 유지하면 건강 위험이 줄어듭니다.
🧡 BMI 25–29.9 - 과체중. 체중 감량이 필요할 수 있습니다. 전문가의 조언을 받으세요.
❤️ BMI > 30 - 비만. 건강 위험이 증가합니다. 의사의 진료를 받는 것이 좋습니다.
저희 BMI 계산기 및 체중 추적 앱은 세계보건기구(WHO)의 분류 기준을 따릅니다.
건강을 관리하세요
이 BMI 계산기 앱을 사용하면 다음과 같은 기능을 사용할 수 있습니다.
체중 감소 또는 근육량 증가 모니터링
이상 체중 범위 확인
BMI 계산기를 오프라인에서 다운로드하세요.
BMI 계산기 체중 추적기를 사용하여 결과를 추적하세요.
체중 감량, 건강 유지 또는 단순히 건강 검진 등 어떤 목적이든 이 앱으로 간편하게 관리할 수 있습니다.
지금 바로 BMI 계산기를 다운로드하고 언제 어디서나 BMI를 확인, 추적 및 분석하세요.
면책 조항
BMI 계산기는 키와 몸무게를 사용하여 체질량 지수(BMI)를 계산하는 편리한 도구입니다. 초기 참고 자료는 제공하지만 전체 건강 상태를 반영하지는 않습니다. 정확한 평가를 위해서는 자격을 갖춘 의료 전문가와 상담하세요.",건강/운동,https://play.google.com/store/apps/details?id=com.mobso.bmicalculator&hl=ko&gl=kr,,,,,,
android,kr,com.peytu.bmiweighttracker,체중-BMI,"체중-BMI는 체중 관리 여정에서 당신의 개인화된 신뢰할 수 있는 동반자입니다. 체중, 신체 측정 데이터를 손쉽게 추적하고 BMI, 체지방률, 허리 엉덩이 비율, 이상적인 체중과 같은 필수 건강 지표를 계산합니다.

우리의 차별화된 기능 :

• 사용자 중심 인터페이스 : 직관적이고 명확한 인터페이스를 제공합니다. 대화형 차트와 진행 상황 요약이 포함되어 있습니다. 다양한 UI 테마를 선택하여 경험을 개인화할 수 있습니다.

• 사용자 프로필별 맞춤 설정 : 다중 사용자를 관리하고 각각의 설정과 테마를 개별적으로 관리할 수 있습니다. 이 기능은 가족이나 집단으로 건강 개선을 목표로 하는 경우에 이상적입니다.

• 사용자 정의 신체 측정 추적 : 좌측 허벅지 둘레와 같은 사용자 정의 신체 측정 값을 추가하고 추적할 수 있습니다. 당신의 추적, 당신의 규칙입니다.

• 추세선 : 체중을 추적하는 것뿐만 아니라 이해할 수 있습니다. 저희 앱은 체중 기록 차트에 추세선을 제공하여 체중 변동을 더 잘 이해하고 장기적인 진전에 집중할 수 있도록 도와줍니다.

• 정기적인 알림 : 체중 입력을 잊지 않도록 알림을 설정하여 일관된 데이터로 정확한 진행 추적이 가능합니다.

• 위젯 및 차트 사용자 정의 : 편리한 위젯을 통해 빠르게 데이터에 액세스할 수 있습니다. 차트의 색상을 개인화하여 더 나만의 경험을 만들어보세요.

• 데이터 관리 : 당신의 데이터는 오로지 당신의 것입니다. Google Drive나 Dropbox를 통해 데이터를 백업하거나 CSV 파일로 내보낼 수 있습니다. 데이터는 안전하고 개인적으로 보호됩니다.

체중-BMI와 함께 여정을 추적하고 진행 상황을 이해하며 건강 목표를 달성하세요. 지금 시작해보세요!",건강/운동,https://play.google.com/store/apps/details?id=com.peytu.bmiweighttracker&hl=ko&gl=kr,,,,,,
android,kr,com.selena.burningon_challenge,"박용우 다이어트 매니저 - 마이옵티멀, 간헐적단식","지방 대사를 돕는 박용우 다이어트 앱

식단, 체중과 같은 기본 정보는 물론, 사용자가 직접 입력한 인바디 측정값, 물 섭취량, 단식 기록, 운동 활동, 사진, 메모까지 한 앱에서 편리하게 정리하고 변화 과정을 살펴볼 수 있습니다.
필요한 데이터를 한눈에 확인하여 건강한 생활 습관 형성 및 체중 관리에 도움을 받을 수 있습니다.

박용우 다이어트 프로그램과 간헐적 단식을 함께 실천하며, 일기를 기록하고 과거 데이터를 돌아보는 경험을 통해 보다 체계적인 자기 관리를 지원합니다.

# 주요 기능

# 일정 관리
4주 프로그램 일정이 자동 생성되며, 캘린더에서 단계별 식단 변화를 확인할 수 있습니다.
사용자의 일정에 맞게 자유롭게 조정할 수 있습니다.

# 식단 관리
프로그램 단계에 따른 식단 안내를 제공합니다.
먹은 음식을 기록하고 칼로리를 추적할 수 있습니다.
자주 먹는 음식과 템플릿을 저장할 수 있으며, 사용자 정의 음식도 직접 등록 가능합니다.

# 간헐적 단식 타이머
실시간 단식 진행 시간을 확인하고, 목표 시간 도달 시 알림을 받을 수 있습니다.
단식 기록이 저장되어 이후 통계 확인이 가능합니다.

# 기록
사용자가 직접 입력한 체중, 체지방률, 근육량, 내장지방, 허리둘레 등의 신체 수치를 기록할 수 있습니다.
또한 물 섭취량, 수면 시간, 배변 상태, 생리 여부, 메모 등을 기록하여 일상 변화를 추적할 수 있습니다.
모든 데이터는 개인 관리 및 습관 형성에 활용됩니다.

# 인증 사진
사용자는 날짜별 사진을 기록할 수 있으며, 시간에 따라 신체 변화를 시각적으로 확인할 수 있습니다.

# 운동 기록
걷기, 달리기, 근력운동 등 30가지 이상의 운동 항목을 지원합니다.
GPS를 통해 러닝 및 등산 경로를 기록할 수 있습니다.
HealthKit 및 Google Fit 연동을 통해 걸음 수, 계단 오르기 등의 활동 데이터만 가져옵니다.
세트별 기록 및 운동 사진 저장도 가능합니다.

# 통계 및 분석
체중, 체성분, 물 섭취, 운동 기록 등 다양한 데이터를 그래프 및 차트로 시각화하여 사용자가 변화 추세를 쉽게 파악할 수 있습니다.
7일, 30일, 프로그램 전체, 사용자 지정 기간 등 다양한 기간을 선택하여 통계를 조회할 수 있습니다.

* 이 앱은 건강한 생활 습관 형성과 체중 관리를 돕기 위한 웰니스 및 피트니스 앱입니다.
의료적 진단, 치료, 처방, 질병 관리, 임상 조언 등을 제공하지 않습니다.
모든 신체 정보(체중, 체성분, 수면, 생리 등)는 사용자가 직접 입력하여 기록하며,
HealthKit 및 Google Fit 연동 시 걸음 수, 계단 오르기 등 기본 활동 데이터만 가져옵니다.

#마이옵티멀 #박용우 #다이어트 #스위치온 #스위치온다이어트 #스위치온 다이어트",건강/운동,https://play.google.com/store/apps/details?id=com.selena.burningon_challenge&hl=ko&gl=kr,,,,,,
android,kr,monitoryourweight.bustan.net,체중을 모니터합니다,"이 앱은 정해진 시간 내에 원하는 목표 체중에 도달하기 위하여 사람들이 다이어트 및/또는 운동 프로그램을 진행할 수 있도록 동기를 부여하는데 도움이되는 도구로 개발되었습니다. 

이름이 표시되면, 귀하는 정기적으로 체중을 입력하고 통계 및 그래프를 통해 진행 현황을 모니터 할 수 있습니다. 또한 다수의 프로필을 입력 및 추적 할 수 있어 귀하의 가족, 배우자, 친구, 동료들을 모니터하고, 귀하 자신을 위한 1개 이상의 프로필을 간단히 작성함으로서 자신의 궁극적인 목표에 도달하기 까지 부분적인 목표를 설정할 수 있도록 합니다. 

이 앱은 또한 귀하의 이상적인 체중을 제안하고 현재의 체중, 신장, 신체 구조, 성별과 연령에 따라 그 목표에 도달하는데 필요한 시간을 권장합니다. 물론, 자신의 계획에 따라 그러한 목표를 변경할 수도 있습니다. 


- 하나 또는 여러 개의 프로필 추적 
- 측정은 킬로 또는 파운드, 미터 또는 피트로 표시 할 수 있습니다 
- 나이, 신장, 성별 및 신체 프레임을 기반으로 이상적인 체중를 계산합니다 
- 전체 화면 그래프는 시간 경과에 따라 귀하의 전반적인 체중 감량 진행 현황을 보여줍니다. 
- BMI (체질량 지수) 계산 
- 섭취한 일일 칼로리 계산 
- 체지방 백분률 계산 
- 감량한 총 체중 계산 
- 남은 체중 계산 
- 평균 일일 감량 계산 
- 평균 주간 감량 계산 
- 전반적인 진행 현황 계산 
- 가능성 이전에 날짜에서 새로운 가중치를 입력합니다 
- 일일 진행 현황에 대한 질을 표시하는 표시기 표시 
- 개인 정보를 보호하기 위한 PIN 잠금 
- 앱 아이콘에 잔여 체중 표시 
- 다양한 언어 옵션 - 현재 영어, 스페인어, 아랍어 및 체코어을 지원합니다 
- 기록된 모든 데이터를 내보낼 가능성 
- 디지털 체중계와 통합: Wahoo, Withings, Aria",건강/운동,https://play.google.com/store/apps/details?id=monitoryourweight.bustan.net&hl=ko&gl=kr,,,,,,
android,kr,com.chloeting.fitness,Core: 피트니스 & 영양,"Core는 총 조회수 30억 회 이상, 구독자 2,500만 명을 보유한 세계적인 피트니스 유튜브 채널 크리에이터 Chloe Ting의 공식 피트니스 앱입니다.

Core는 집이나 헬스장에서 운동, 체중 감량, 근력 강화, 식단 관리를 모두 지원하는 올인원 피트니스 앱입니다. 구조화된 무료 운동 프로그램과 따라 하기 쉬운 영상으로 꾸준히 실질적인 결과를 만들어갈 수 있습니다.

운동 프로그램  
전문적으로 설계된 운동 프로그램으로 꾸준함을 유지하세요. 새로운 프로그램이 매달 추가됩니다.  
• 체중 감량 및 근력 강화 프로그램  
• 500개 이상의 운동 영상과 50개 이상의 체계적인 프로그램  
• 맞춤형 운동 일정  
• 개인 대시보드 및 운동 통계  

AI 식단 트래킹  
AI 기반 식단 트래킹으로 칼로리 관리를 간편하게 할 수 있습니다.  
• 식사를 촬영하면 AI가 자동으로 분석  
• 바코드 스캔 및 음식 검색  
• 200만 개 이상의 음식 데이터베이스  
• 영양 정보가 포함된 건강한 레시피  
• 나만의 레시피 저장으로 간편한 기록  
• 섭취 칼로리와 소모 칼로리 추적  

진행 상황 기록 및 관리  
운동 여정의 모든 과정을 기록하며 동기부여를 유지하세요.  
• 운동 로그 및 피트니스 저널  
• 체중 기록 및 변화 차트  
• 변화를 확인할 수 있는 진행 사진  
• 활동 차트 및 운동 기록  
• 꾸준함을 돕는 스트릭 기능  

커뮤니티, 리더보드 및 팀 챌린지  
피트니스는 함께할수록 더 강해집니다. 글로벌 커뮤니티에 참여해 동기부여를 유지하세요.  
• 팀 챌린지 및 공동 목표  
• 진행 상황을 비교할 수 있는 리더보드  
• 응원과 소통을 위한 팀 채팅  
• 지원과 정보를 나눌 수 있는 커뮤니티 포럼  

나만의 방식으로 운동  
Spotify, YouTube Music, Deezer에서 원하는 음악을 들으며 Chloe의 음성 가이드를 유지한 채 운동할 수 있습니다.

글로벌 지원, 무료 다운로드  
Core는 17개 이상의 언어를 지원하며 무료로 다운로드할 수 있습니다. 앱에는 광고가 포함되어 있습니다.

광고 없는 환경, 추가 기능 이용, 또는 Chloe와 Core 개발 팀을 응원하고 싶은 사용자를 위한 Premium 구독 옵션도 제공됩니다.

지금 Core와 함께 운동 프로그램, AI 식단 트래킹, 칼로리 관리, 그리고 서로를 응원하는 피트니스 커뮤니티와 함께 피트니스 여정을 시작하세요.",건강/운동,https://play.google.com/store/apps/details?id=com.chloeting.fitness&hl=ko&gl=kr,,,,,,
android,kr,com.gymfitness.bodyfatcalculator.bmicalculator,체지방 계산기,"체지방 계산기는 전문적인 피부 두께 측정을 사용하여 체지방률을 정확하게 계산할 수 있도록 설계된 고급 신체 구성 분석 앱입니다. 이 체지방 계산기를 사용하면 체지방량, 제지방량 및 다양한 신체 측정 데이터를 분석하여 자신의 몸 상태를 더 잘 이해할 수 있습니다.

이 앱은 피트니스 및 건강 평가에서 사용되는 과학적으로 검증된 인체 측정 공식을 사용합니다. 이 체지방 계산기는 운동선수, 퍼스널 트레이너, 영양사 및 건강과 체력을 개선하고 싶은 모든 사람에게 적합합니다.

이 신체 구성 계산기를 사용하면 체지방률을 빠르게 계산하고 신체 구성을 분석하며 시간에 따른 신체 변화를 추적할 수 있습니다.

📊 신체 구성 전체 분석

이 체지방 계산기는 다음을 포함한 완전한 신체 구성 분석을 제공합니다.

• 체지방률
• 체지방량
• 제지방량
• 허리-키 비율 (WHtR)
• 신체 구성 평가

이 데이터는 현재 신체 상태를 이해하고 운동 진행 상황을 추적하는 데 도움을 줍니다.

📏 전문적인 피부 두께 측정 시스템

일반적인 계산기와 달리 이 체지방 계산기는 전문적인 피트니스 평가에서 사용되는 피부 두께 측정을 지원합니다.

측정 항목:

• 허리 둘레
• 키와 체중
• 견갑하 피부 두께
• 삼두근 피부 두께
• 복부 피부 두께
• 장골 상부 피부 두께
• 허벅지 피부 두께
• 가슴 피부 두께
• 겨드랑이 중간 피부 두께

이러한 측정은 단순한 BMI 계산보다 체지방률을 더 정확하게 계산할 수 있도록 도와줍니다.

📈 진행 상황 추적

신체 변화를 추적하는 것은 건강과 체력을 향상시키는 데 매우 중요합니다. 이 체지방 계산기를 사용하면 시간이 지남에 따라 신체 구성의 변화를 확인할 수 있습니다.

이 앱을 통해 다음을 할 수 있습니다:

• 체지방 변화 추적
• 운동 결과 분석
• 영양 계획 개선
• 장기적인 신체 변화 분석

🎯 피트니스 전문가에게 이상적

이 체지방 계산기는 다음과 같은 사용자에게 적합합니다:

• 피트니스 애호가
• 운동선수
• 퍼스널 트레이너
• 영양사
• 건강 전문가
• 헬스 트레이너

이 앱은 신체 구성 분석을 위한 신뢰할 수 있는 데이터를 제공합니다.

🚀 주요 기능

• 정확한 체지방 계산기
• 완전한 신체 구성 분석
• 피부 두께 측정 시스템
• 체지방률 계산
• 체지방량 및 제지방량 결과
• 허리-키 비율 계산
• 진행 상황 추적
• 명확한 측정 안내
• 간단하고 사용하기 쉬운 인터페이스

📲 신체 구성을 이해하세요

신체 구성을 이해하는 것은 건강, 피트니스 및 운동 성능을 향상시키는 데 매우 중요합니다. 이 체지방 계산기를 사용하면 체지방률을 계산하고 진행 상황을 추적하며 자신의 몸을 더 잘 이해할 수 있습니다.

지금 체지방 계산기를 다운로드하고 전문적인 방식으로 신체 구성을 분석하세요.",건강/운동,https://play.google.com/store/apps/details?id=com.gymfitness.bodyfatcalculator.bmicalculator&hl=ko&gl=kr,,,,,,
android,kr,app.weightfit.android,무게 일기 및 BMI 계산기 – WeightFit,"이 체중 관리기는 체중 조절을 도와 주며 체중 감량이나 목표 체중 도달에 도움이됩니다. 응용 프로그램은 다양한 요인을 기반으로 귀하의 이상적인 체중을 계산하고 원하는 체중을 달성하기 위해 동기를 부여하고, 게다가, 당신은 자신의 개인 목표 체중을 정의 할 수 있습니다.


다음 기능을 사용하십시오.
• 일일 무게 추적
• 다양한 차트 및 시각화에서 체중 기록을 분석하여보다 나은 신체 이미지에 대한 통찰력을 얻습니다.
• 원하는 체중을 설정하고 진행 상황을 따르십시오.
• 체중, 즉 평균 체중, 체질량 지수 (BMI), 시작 체중과의 차이 등에 관한 통계를 살펴보십시오.
• 선택 사항 인 앱은 일기에서 체중을 추적하도록 상기시켜줍니다.
• 미터법 또는 영국식 단위 시스템의 가중치 입력
• 체중 데이터를 Google 피트니스 계정과 동기화하십시오.


과체중과 비만은 고혈압, 심장 질환 및 당뇨병과 같은 질병의 위험 요소이기 때문에 체중을 추적하고 원하는 체중에 도달하십시오.


우리 앱이 마음에 들면 ★★★★★!


의견이나 제안이 있으시면 android@weightfit.appovo.com으로 이메일을 보내 주시기 바랍니다.",건강/운동,https://play.google.com/store/apps/details?id=app.weightfit.android&hl=ko&gl=kr,,,,,,
android,kr,com.dain.nudgeeap,넛지EAP - 팀 성장을 위한 건강 동기부여,"Nudge EAP

넛지EAP는 고객사의 임직원을 위한 B2B EAP(Employee Assistance Program) 서비스 앱으로 마음 건강과 신체 건강을 증진할 수 있는 서비스를 제공합니다. 사용자는 건강 관리 콘텐츠로 나의 마음 상태를 진단하고 원하는 상담사와 상담을 진행할 수 있습니다. 또한 걸음 수 목표를 달성하거나 챌린지에 참여할 수 있습니다.

● 필요할 땐 언제든 상담으로 전문 심리상담사와 마음 상태를 점검하고 마음 건강을 챙길 수 있어요. 24시간 여러분의 마음 건강을 위해 대기하고 있습니다!

● 걷기 챌린지와 스탬프 챌린지에 참여하여 건강한 걷기 습관을 만들 수 있어요! 리워드를 통해 참여를 유도하고 동기부여를 높일 수 있어요.

● 자체 커뮤니티에서 동료와 경험을 공유하고 소통할 수 있어요.

● 걸음 수 랭킹으로 동료들 간 활동을 비교하고 경쟁할 수 있어요.
----
개발자 연락처 :
다인 대한민국 서울특별시 강남구
강남구 역삼로3길 17 8층 (역삼동,혜진빌딩)
06242 1018616191 2025-서울강남-03821 강남구",건강/운동,https://play.google.com/store/apps/details?id=com.dain.nudgeeap&hl=ko&gl=kr,,,,,,
android,kr,air.com.intemodino.tdeecalculator,필요한 총 칼로리 과 기초대사량 과 비만도 계산기,"• 필요한 총 칼로리 
• 기초대사량 계산기
• 비만도 계산기


• 필요한 총 칼로리 
필요한 총 칼로리 계산하기. 일일 칼로리 소모량 계산하기.

칼로리 계산기를 이용해서 일일 칼로리 소모량을 계산할 수 있다.

사람의 일일 칼로리 소모량은 나이, 신장, 몸무게, 성별, 제지방질량과 활동량에 따라 달라진다.

자신의 활동량 알아보기. 
- 앉아서 일만 한다.
- 조금 활동적 (가벼운 운동 / 주 1-3 회).
- 적당히 활동적 (가벼운 운동 / 주 3-5 회). 
- 매우 활동적 (격렬한 운동 / 주 6-7 회). 
- 특별히 활동적 (매우 격렬한 운동 / 스포츠 트레이너 혹은 운동선수). 
    

• 기초대사량 계산기 (BMR 계산기)
기초대사량은 생명유지를 위해 필요한 칼로리 소비량입니다. 
기초대사량 계산기에서 기반하고 있는 계산식은 Mifflin-St. Jeor에 따른 것으로 다음과 같습니다.


• 비만도 계산기 - 체질량지수 계산기 - BMI 계산기
적정 체중 계산기.
원하는 BMI 및 신장을 기준으로 체중을 계산할 수도 있습니다.
BMI 계산기는 성인 (20 세 이상) 용으로 개발되었습니다.",건강/운동,https://play.google.com/store/apps/details?id=air.com.intemodino.tdeecalculator&hl=ko&gl=kr,,,,,,
android,kr,fasting.healthtracker.intermittent.foodtracker,HitFast-Fasting tracker & Diet,"HitFast 앱으로 유행 다이어트와 작별하고 칼로리 계산을 중단하고 간헐적 단식을 시작해 보세요.

그렇다면 실제로 어떻게 작동하나요?

간헐적 단식은 지속 가능한 체중 감량으로 이어지는 것으로 나타났습니다. 이는 지속적인 결과를 위해 신체에 다시 연결된다는 의미입니다. 단식을 하면 신체는 ""지방 연소"" 과정인 케톤증에 들어갑니다. 이 시간 동안 당신은 당신이 좋아하는 일을 할 수 있는 더 많은 에너지를 갖게 될 것이며 동시에 완고한 지방도 감소할 것입니다!

간헐적 단식은 건강에 좋은가요?

예. 노벨상을 받은 단식법은 안전하고 자연스럽습니다. 연구에 따르면 지속적인 소화로 인해 신체가 잠시 휴식을 취하면 중요한 기관에 휴식 기회가 제공되고 심지어 세포 재생도 촉진되는 것으로 나타났습니다!

HitFast 앱이 나에게 적합합니까?

이 앱은 초보자와 단식 베테랑 모두에게 좋습니다. 식단을 바꾸거나 음식 그룹을 제한할 필요가 없습니다. 당신의 삶에 통합하는 것은 매우 쉽습니다!

간헐적 단식을 하는 이유는 무엇인가요?

• 체지방을 소모합니다.
• 노화 과정을 늦춘다
• 재생 및 해독 촉진
• 당뇨병 및 기타 질병을 예방할 수 있습니다.
• 신진대사를 증가시킵니다.
• 뇌 기능을 향상시킵니다.
• 건강과 에너지 증진
• 자연스럽고 힘들이지 않고 지방을 빼냅니다.
• 다이어트 없이 체중 감량에 도움이 됩니다.
• 요요 현상 방지
• 칼로리 계산을 피합니다.
• 저탄수화물 다이어트 금지
• 케토 다이어트 및 주스 단식과 호환 가능
• 피트니스 운동과 호환 가능
• 전반적인 건강에 안전함

HitFast로 간헐적 단식을 시작해 보세요

• 단식 타이머
• 단식 추적기
• 신체 상태 – 단식 여정의 주요 단계를 식별하고 추적합니다.
• 물 추적기 – 물 섭취량을 기록하고 알림을 보냅니다.
• 캘린더 알림 – 단식, 식수, 체중, 운동에 대한 알림을 캘린더에 추가하세요.
• 건강한 요리법 – 체중 감량에 도움이 되는 건강한 식생활 권장 사항
• 지속적인 앱 개발

HitFast-PLUS의 일원이 되어 더욱 빠르게 목표를 달성하세요

• 레시피 – 600가지가 넘는 간단하고 맛있는 레시피를 탐색하고 단순한 삶을 시작해 보세요.
• 데이터 추적: 일일 데이터를 기록하고 추적하여 신체의 변화를 빠르게 이해합니다.
• 물 섭취 알림: 정기적으로 물을 마시는지 확인하고 상기시켜 주는 알림을 설정하여 더 건강한 체중 감량을 위해 균형 잡힌 수분 공급을 보장합니다.
• 목표를 더 빠르게 달성할 수 있도록 전문가의 안내
• 진행 상황을 모니터링할 수 있는 귀중한 통찰력
• 귀하의 필요에 맞는 일일 일정

장기적인 이점

• 면역체계 강화
• 가장 자연스럽고 지속 가능한 방법으로 체중 감량
• 의식적으로 지방 감량을 촉진합니다.
• 인슐린 수치를 안정화하여 혈당 수치를 정상화합니다.
• 단식과 관련된 세포 재생 과정을 통해 신체를 해독합니다.
• 알레르기와 염증을 줄이거나 예방합니다.

——
- 모든 개인정보는 HitFast 개인정보 보호정책에 따라 처리됩니다.

이용 약관: https://ifasting.net/agreement.html
개인 정보 보호 정책: https://ifasting.net/privacy.html",건강/운동,https://play.google.com/store/apps/details?id=fasting.healthtracker.intermittent.foodtracker&hl=ko&gl=kr,,,,,,
android,kr,com.compatibility,호환성: 비타민,"**「호환성: 비타민」**으로 영양 관리를 최적화하세요.

영양소의 완벽한 균형을 찾고 있지만 복잡한 상호작용 때문에 혼란스러우신가요?
호환성: 비타민은 비타민과 미네랄을 안전하고 효과적으로 섭취할 수 있도록 도와주는 개인 맞춤 섭취 일정 도우미입니다.

주요 기능:

맞춤 섭취 일정: 비타민과 미네랄을 입력하면, 호환성과 길항 작용을 고려하여 최적의 섭취 일정을 자동으로 생성합니다.

흡수 최적화: 함께 섭취해도 되는 성분은 같은 시간에, 흡수를 방해하는 성분은 다른 시간대로 분리하여 배치합니다.

정보 데이터베이스: 각 비타민과 미네랄에 대한 간결하고 이해하기 쉬운 정보를 제공합니다.

간편함과 편의성: 직관적인 인터페이스로 영양 계획을 빠르고 쉽게 관리할 수 있습니다.

「호환성: 비타민」의 장점:

비타민과 미네랄의 올바른 조합을 통한 소화 및 신진대사 개선.

길항 작용을 최소화하여 보충제의 효과를 극대화.

영양 계획에 소요되는 시간 절약.

개인의 목표와 필요에 맞춘 건강 및 웰빙 지원.

**「호환성: 비타민」**을 통해 비타민과 미네랄을 올바르고 효율적으로 섭취하세요. 지금 다운로드하고 건강한 삶을 시작해 보세요.

면책 조항

본 모바일 애플리케이션에 포함된 콘텐츠는 정보 제공 목적이며, 전문적인 의료 조언, 진단 또는 치료를 대체하지 않습니다.

본 애플리케이션의 사용은 전적으로 사용자 본인의 책임입니다. 본 앱은 “있는 그대로” 및 “이용 가능한 상태”로 제공됩니다. 오류 없이 작동함을 보장하지 않으며, 앱 또는 그 콘텐츠가 사용자의 요구를 충족하거나 중단 없이, 적시에, 안전하게, 최신 상태로, 정확하고 완전하게 제공되거나 오류가 없음을 보장하지 않습니다. 앱 사용으로 얻은 결과의 신뢰성 또한 보장하지 않습니다. 애플리케이션에 대한 불만이나 결함이 있는 경우, 유일한 해결책은 앱 사용을 중단하는 것입니다.",건강/운동,https://play.google.com/store/apps/details?id=com.compatibility&hl=ko&gl=kr,,,,,,
android,kr,com.hfx.disposition,기질 테스트: 나도 몰랐던 나의 4가지 특성,"우리는 흔히 성격에 대해 고민하지만, 성격의 밑바탕에 깔린 타고난 기질은 쉽게 변하지 않습니다. 내가 왜 새로운 일에 열광하는지, 왜 사소한 불안에 멈칫하는지, 왜 타인의 시선을 의식하는지, ... 답은 당신의 기질에 있습니다.

- 4가지 기질이란?
자극 추구: 새로운 자극에 반응하는 에너지
위험 회피: 위험을 감지하고 나를 지키는 안테나
사회적 민감성: 타인과 정서적으로 연결되는 따뜻함
인내력: 보상이 없어도 끝까지 나아가는 집념

- 이런 분들에게 추천합니다!
자신이 어떤 상황에서 에너지를 얻고 스트레스를 받는지 알고 싶은 분
MBTI보다 더 깊은 유전적 성향(기질)이 궁금하신 분
반복되는 심리적 갈등의 원인을 파악하고 싶은 분
나에게 맞는 효율적인 목표 달성 방식을 찾고 싶은 분
----
개발자 연락처 :
에이치에프엑스랩 대한민국 17136 경기도 용인시
처인구 이동읍 경기동로705번길 28, 112동 1102호 (송전리, 세광엔리치타워아파트) 3071253681 제2025-용인처인-0114호 용인시 처인구청",라이프스타일,https://play.google.com/store/apps/details?id=com.hfx.disposition&hl=ko&gl=kr,,,,,,
android,kr,com.despdev.bmicalculator,BMI 계산기,"이것은 당신의 BMI를 결정하는데 도움이 되는 간단한 BMI 계산기입니다. 또한, 이 앱은 체중 감량을 시도할 때 유용할 수 있는 다른 도구들을 포함하고 있습니다.

특징:
건강한 체중인지 아니면 과체중인지 판단하기 위해 체질량 지수(BMI)를 계산합니다.
다양한 신체 활동으로 소비되는 칼로리 수를 계산합니다.
체중 목표를 달성하기 위해 필요한 일일 칼로리 섭취량을 평가합니다.
심박수 훈련 영역을 알아봅니다.
남성과 여성 모두에게 적합한 체지방 비율 계산기.",건강/운동,https://play.google.com/store/apps/details?id=com.despdev.bmicalculator&hl=ko&gl=kr,,,,,,
android,kr,com.bluesignum.counselor,당신의 상담소: 인터랙티브 심리상담게임,"당신의 상담소🏠는 심리 상담을 소재로 한 <b>모바일 인터랙티브 스토리게임</b>입니다. 3층 건물에 자리하고 있는 에서 초보 상담가가 되어 다양한 사연의 내담자(상담을 받으러 온 사람)들을 만나고, 그들을 더 나은 하루하루로 이끌어주세요!

🎯<b>선택하는 재미</b>
각자의 사연을 지닌 여러 등장인물들과 이야기를 나누며 여러분은 순간 순간 선택지를 마주하게 됩니다. 어떤 선택을 한 지에 따라 내담자들과의 라포(사람과 사람 간에 생기는 상호 신뢰 관계를 말하는 심리학 용어)가 달라지고, 여러분이 만나게 될 내담자의 모습과, 이야기의 흐름, 그리고 결국에는 결말도 달라지게 됩니다.

💼<b>수집하는 재미</b>
여러분은 게임을 진행하는 도중 미션 달성 뱃지🏆, 여러 가지 감정카드🎨와 스토리카드🏷를 수집하게 됩니다. 빈 칸으로 가득했던 상담 일지를 채워나가면서 내담자에 대해 더 깊이 이해하고 최선의 선택을 내려주세요. 

🔎<b>알아가는 재미</b>
다양한 내담자들이 하나 둘 상담소에 오고 가며 좋은 상담 결과를 얻어낼수록 소장님, 제이, 율무 등 여러분과 함께 상담소에서 거주하는 주변 인물과도 긍정적인 관계가 형성됩니다. 이들과 좋은 관계를 맺으며 각 인물들이 상담소로 오게 된 배경이나 과거 이야기 등 호기심을 자극하는 뒷이야기를 들을 수 있습니다.

💎어쩌면 여러분은 내담자들에게서 여러분의  주변사람, 혹은 스스로의 모습을 발견할 수 있을지도 모릅니다. 등장인물들이 겪는 어려움은 처음엔 독특해보일지 몰라도, 가만히 들여다보면 사실 우리도 살아가면서 한 번쯤 거쳤거나, 앞으로 거치게 될 수 있는 아주 보편적인 이야기이기 때문입니다.

그러니까 당신의 상담소는 여러분이 <b>상담가로서 활약하는 공간</b>이기도 하지만 스스로에 대해 이해하고, 밀려오는 힘겨움에 대처하는 법을 배울 수 있는, '당신'을 위한 <b>공감과 위로의 공간</b>이기도 합니다.

내담자들의 이야기와 함께 어엿한 상담가로 성장해보세요! 게임을 마칠 때 쯤이면 한껏 성장한 스스로의 모습을 발견할 수 있기를.
----
개발자 연락처 :
블루시그넘(주) 서울특별시 마포구 월드컵북로 44-1, 4층(연남동, 동신빌딩)
마포구, 서울특별시 03991
South Korea 8228701905 2020서울관악2445 관악구청",시뮬레이션,https://play.google.com/store/apps/details?id=com.bluesignum.counselor&hl=ko&gl=kr,,,,,,
android,kr,com.lico.yumicell,유미의 세포들 더 퍼즐,"유미와 그녀의 세포들이 3매치 퍼즐 게임으로 돌아왔어요! 

◈ 세포 마을을 둘러보세요!
저런~ 여배우 세포가 세포 마을을 부시고 있네요.
다양한 미션을 해결하고 건물을 복구해 주세요!

◈ 게임으로 다시보는 유미의 세포들!
20개의 스테이지를 클리어하면 에피소드를 볼 수 있어요!
유미의 세포들 추억 여행 함께 떠나봐요!

◈ 다양한 세포를 만나보세요!
귀염 뽀짝 세포들이 당신을 기다리고 있어요!
자신의 세포를 키워보세요!

◈ 지루할 틈 없는 미션!
2000개 이상의 스테이지와 다양한 미션이 준비되어 있어요!
계속해서 추가되는 스테이지도 기대해주세요!


도움이 필요하거나 질문이 있으세요? 
이메일: lico_game_yumi@lifeiscomic.com
전화번호: +82)1833-7138

※ 유료 아이템 구매 시 별도의 요금이 부과됩니다.
- 공급자: 스튜디오리코 주식회사
- 이용조건 및 기간: 게임 내 별도 고지된 내용에 따름
  (사용기간이 표시되지 않은 경우, 서비스의 종료일까지를 사용기간으로 간주)
- 결제금액 및 방법: 상품 별 별도 고지된 결제금액 및 결제방법에 따름
  (외화 결제 시 환율 및 수수료 등으로 인해 실제 청구금액과 다를 수 있음)
- 상품지급방식: 게임 내 구매한 아이디(캐릭터)로 즉시 지급
- 주소: 경기도 성남시 분당구 분당내곡로131, 11층(백현동)
- 사업자 번호: 687-88-00601
- 통신판매업 번호: 2021-성남분당A-0324
- 통신판매업신고기관: 성남시청			


[접근권한 안내]
- 필수적 접근권한: 없음
- 선택적 접근권한: 
   > 저장소(미디어) - 게임 플레이 스크린샷 저장에 사용됩니다.
   > 알림 - 인게임 이벤트 관련 알림 수신 설정에 사용됩니다.


[접근권한 설정 방법]
1.안드로이드 6.0 이상 버전
- 접근권한별 철회 방법 : 단말기 설정 > 개인정보보호 선택 > 권한 관리자 선택 > 해당 접근권한 선택 > 해당 앱 선택 > 접근권한 동의 또는 철회 선택
-앱별 철회 방법 : 단말기 설정 > 앱 > 해당 앱 선택 > 권한 선택 > 접근권한 동의 또는 철회 선택

2.안드로이드 6.0 미만 버전
운영체제 특성상 접근권한별철회가 불가능하므로 앱을 삭제하는 경우에만 접근권한 철회가 가능합니다.
안드로이드 버전을 업그레이드하여 주시길 권장 드립니다.


- 이용약관: www.studiolico.com/game/terms
- 개인정보 처리방침: www.studiolico.com/game/privacy
- 서비스 운영 정책: www.studiolico.com/game/policy
- 사업자 이메일: game_support@studiolico.com
----
개발자 연락처 :
STUDIO LICO Corp. 대한민국 13529 경기도 성남시
분당구 분당내곡로 131, 7층(백현동) 687-88-00601 6878800601 경기도 성남시",캐주얼,https://play.google.com/store/apps/details?id=com.lico.yumicell&hl=ko&gl=kr,,,,,,
android,kr,com.com2us.es.android.google.kr.normal,제우스: 오만의 신,"신의 오만을 심판할 시간 , 모두에게 허락된 가장 거대한 신화
압도적 스케일의 경쟁형 MMORPG 『제우스: 오만의 신』, 지금 신화의 주인이 되어라!

▣ 게임 소개 ▣
■ [세계관] 언리얼 엔진 5로 재창조된 가장 거대한 그리스 신화
- 올림포스의 정점에서 신들의 판도를 뒤바꿀 새로운 서사시 개막
- 가장 익숙한 이름으로 이야기할, 가장 낯선 그리스 신화의 완벽한 재해석

■ [오디세이아] 모두가 승리를 위해 치열하게 분투하는 '경쟁의 각축장'
- 전 계층의 플레이어가 각자의 라이벌과 경쟁을 벌이는 구조
- 무한의 탑, 콜로세움 등 스펙의 한계로 배제 당하지 않고 누구나 즐길 수 있는 맞춤형 경쟁 콘텐츠

■ [영웅의 탄생] 신에게 부여받은 각자의 역할
- 클래스 별 특성을 한층 더 강력하게 만드는 진화된 전투 시스템
- 전장을 화려하게 수놓는 눈부신 스킬 연출과 강렬한 전투 타격감

■ [AI 모드] 단 한순간도 멈추지 않는 성장의 카타르시스
- 치열한 현실 속에서도 당신의 성장을 완벽히 책임지는 스마트 케어 시스템
- 접속을 종료한 순간에도 당신의 [분신]은 24시간 멈춤 없이 신화를 개척
- 시간의 장벽을 허물고 누구나 신의 영역에 도달하는 압도적 편의성

■ [아티산] 차별화 된 경제적 이득을 보장받는 단 하나의 클래스
- 독점적 아이템들을 직접 생산하는 경제형 클래스 '아티산'
- 재화 획득에 있어서의 실질적 이점이 부여된 파격적인 설계

▣ 제우스: 오만의 신 공식 채널 ▣
- 공식 홈페이지 : https://zeus.com2us.com
- 카카오톡 채널 : https://pf.kakao.com/_xdxdwTX 
- 유튜브 : https://www.youtube.com/@ZEUS_mmorpg


▣ 기본 안내 ▣
- 한국어 플레이 지원
- 부분유료 아이템 구매 가능 
※ 단, 아이템 종류에 따라 추가 비용 발생 및 청약철회가 제한될 수 있습니다.

▣ 접근권한 안내 ▣
앱 이용 시 아래와 같은 서비스를 제공하기 위해 접근 권한 요청
- [필수적 접근권한] 없음
- [선택적 접근권한] 알림 (앱에서 발송하는 푸시 및 기타 알림 수신 목적)
※ 선택적 접근권한 허용에 동의하지 않아도, 해당 권한과 관련된 기능을 제외한 서비스 이용이 가능합니다.
※ 안드로이드 6.0 미만 버전을 사용하시는 경우에는 선택적 접근권한을 개별적으로 설정하실 수 없으므로, 6.0 이상으로 업그레이드하는 것을 권장해 드립니다.

[접근권한 철회 방법]
접근권한 동의 후, 다음과 같이 접근권한 재설정 및 철회 가능
- 운영체제 6.0 이상: 설정 > 애플리케이션 관리 > 해당 앱 선택 > 권한 > 접근권한 동의 또는 철회 선택
- 운영체제 6.0 미만: 운영체제를 업그레이드하여 접근권한을 철회하거나, 앱 삭제

▣ 약관 및 고객센터 안내 ▣
- 게임 이용 관련 조건(계약해지/청약철회 등)은 게임 내 또는 컴투스 모바일 게임 서비스 이용약관( http://terms.withhive.com/terms/mobile/policy.html )에서 확인 가능
- 게임 관련 문의 및 상담은 컴투스 홈페이지(https://customer.withhive.com/com2us > 고객센터 > 1:1 문의)를 통해 접수 가능
----
개발자 연락처 :
(주)컴투스 대한민국 서울특별시 금천구
금천구 가산디지털1로 131, 에이동(가산동)
08506 108-81-16843 제 2009-서울금천-0022 호 서울특별시 금천구청",롤플레잉,https://play.google.com/store/apps/details?id=com.com2us.es.android.google.kr.normal&hl=ko&gl=kr,,,,,,
android,kr,com.wooriwm.txsmart,나무증권-NH투자증권 MTS,"투자와 매일 함께하는 일상,
간편하고 똑똑하게 시작해요!

### 1. 주요 서비스

◼︎ 24시간 해외주식
원하는 타이밍 언제라도, 국내 최초 24시간 해외주식!
9개국 온라인 매매! 20개국 환전 가능!
환전을 미리 하지 않아도 원화로 거래 가능해 편리해요.

◼︎ 주식 모으기
나무에 원하는 기간동안 원하는 금액을 적금처럼 납입하면?
알아서 주식이나 ETF를 매수해 차곡차곡 쌓아줍니다.
꾸준히 정해진 금액을 매수하므로 리스크가 적습니다!

◼︎ 내 배당 서비스
나무에서 든든하게 배당을 받고 싶다면?
내 배당에서 보유종목의 배당일정과 정보를 확인하고,
나만의 배당주 포트폴리오를 만들어보세요!

◼︎ 다이렉트 인덱싱
내 마음대로 인덱스를 만들어 투자하고 싶다면?
NH전문가 추천 인덱스도 확인하고,
나만의 지수를 만들어 직접 주식 포트폴리오를 구성할 수 있어요.

◼︎ 나무 멤버스
커피 한 잔보다 저렴한 월2,900원으로 국내/해외 혜택을 한 번에 누리세요.
첫 달 0원! 일단 무료로 시작!
유용한 국내 및 해외주식 리포트 제공!수수료 할인 혜택!

### 2. 새로운 기능

◼︎ 내 아이를 경제 전문가로, 자녀계좌개설
자녀의 계좌를 비대면으로 손쉽게 개설하고 관리하세요!
내 아이에게 투자금과 주식을 선물할 수 있어요~
어릴 때부터 경제관념과 투자마인드 심어주기!

◼︎ 화면을 켤 때마다 마주치는, 위젯
배경화면에서 바로 정보를 확인하고 싶다면?
관심그룹에 등록한 지수와 종목을 확인할 수 있어요!
수익률에 따라 다양한 캐릭터가 나타나 알려줘요!

### 3. 더 알아보기

◼︎ 중개형 ISA
누구나 개설할 수 있는 절세만능통장을 아시나요?
목돈을 모으고 싶을 땐 중개형 ISA로 먼저 시작하세요.
실제 수익에만 세금이 부과되고 다양한 투자를 한 계좌로 할 수 있어 편리해요.

◼︎ 공모주 캘린더
신규 상장하는 기업에 투자하고 싶으신가요?
공모 청약이 처음인 분들을 위한 가이드부터 다가오는 청약 일정까지 확인하세요.
공모주 일정 놓치지 않도록 알림으로 받아보세요!

◼︎ 24시간 궁금증을 해결해주는, 챗봇 노아
앱을 이용하다가 궁금한 점이 생겼다면?
증권용어, 투자소식, 공모주 일정, 진행 중인 이벤트 등을 알려드려요.
많이 이용할수록 똑똑해진다는 사실!

◼︎ 나무증권에 대해 더 알고싶다면?
- 웹사이트 : https://www.mynamuhbegin.com/
- 인스타그램 : https://www.instagram.com/namuh_official/
- 유튜브 : https://youtube.com/@nhinvest_login

### 4. 시스템 요구사항

◼︎ OS 버전
안드로이드 OS 5.0 이상을 사용해야 합니다.
** 안드로이드 OS 6.0 미만 버전 스마트폰을 사용하시는 경우, 모든 접근 권한이 필수적으로 적용될 수 있습니다. 안드로이드 OS를 6.0 이상 버전으로 업그레이드 하는 경우, 기존 앱에서 동의한 접근권한이 바뀌지 않기 때문에 권한을 다시 설정하려면 앱을 삭제한 후 재설치해야 합니다.

** 안드로이드 OS 6.0 이상 버전 스마트폰을 사용하시는 경우, 휴대폰 설정 > 애플리케이션 관리자 > 나무증권 > 권한 화면에서 개별적으로 접근 권한에 대한 동의 여부를 선택할 수 있습니다.

◼︎ 앱 권한 및 이용 목적 안내
- 파일 및 미디어[저장 공간] (필수) : 종목정보, 화면파일, 사용자설정 등
- 휴대폰 전화번호 정보 수집/이용 (필수) : 본인확인, 인증서 발급/관리, 기기정보 확인, 고객센터 연결
- 설치된 앱 (필수) : 설치된 위협 앱 탐지하여 전자금융사고 방지
- 카메라 (선택) : 온라인계좌개설 시 신분증 촬영
- 위치 (선택) : 온라인계좌개설 이나 영업점 검색 시 현재 위치 정보 확인
- 다른 앱 위에 표시되는 권한 (선택) : 보이는 ARS 사용
- 연락처 (선택) : 주식 선물하기 시 연락처 연동

** 선택 접근 권한을 사용하지 않아도, 해당 권한을 제외한 서비스 이용이 가능합니다.

### 5. 기타

- 고객 확인 및 알림 등의 서비스 제공을 위해 로그인 시 휴대폰의 전화번호와 기기ID를 당사 서버에 전송하고 저장합니다.
- 이 앱에서는 통화 상대방이 제공하는 정보성 또는 영리 목적의 모바일 컨텐츠를 표시합니다. 이를 위해, (주)콜게이트에 전화번호와 앱 푸시 정보를 제공합니다.
- 제공기능 : 통화관련 화면 서비스(보이는 ARS)
- 보유 및 이용 기간 : 제공자의 동의 철회시까지
- 제공 거부/동의 철회 : 080-135-1136 (무료)
----
개발자 연락처 :
(주)엔에이치투자증권 영등포구 여의대로 108 (여의도동)
영등포구, 서울특별시 07335
South Korea 116-81-03693 2017-서울영등포-0147 공정거래위원회",금융,https://play.google.com/store/apps/details?id=com.wooriwm.txsmart&hl=ko&gl=kr,,,,,,
android,kr,com.gravity.romkrzeny.aos,라그나로크M: Classic,"처음 설레었던 그 모험, 라그나로크M: Classic! 
'라그나로크M: Classic'은 '라그나로크M: ETERNAL LOVE'의 클래식 버전입니다.
오랜만에 미드가르드로 다시 돌아오신 모험가, 처음 모험을 시작하시는 신규 모험가 모두 환영합니다. 아이템 파밍의 순수한 재미를 다시 한번 느껴보세요!

또한 이곳에서는 [무료 월간 카드], [오프라인 전투], [+15 안전 제련], [MVP 보스 카드 합성] 등 다양한 혜택이 제공됩니다.
>> 바로 이곳에, 우리가 오랜 시간 간직해온 라그나로크의 추억이 있습니다.

=== 라그나로크M: Classic만의 특징 ===
★근본 직업 6종, 자유 전직 가능★
이곳에는 소드맨, 매지션, 씨프, 아처, 어콜라이트, 머천트까지! 
모두에게 친숙한 라그나로크의 근본 직업 6종이 존재합니다.

★평생 무료로 제공되는 월간 카드★
남녀노소 누구나 접속만 하면 무료 월간 카드 지급!
경험치 보너스, 드롭률 상승, 전용 머리장식 등 무려 17가지 혜택을 평생 무료로 누릴 수 있습니다!

★자유롭게 합성하는 MVP 카드★
과금을 하지 않아도, 운이 없어도 OK!
합성을 통해 MVP 보스 카드를 획득할 수 있습니다.
미스트레스, 도플갱어, 에드가, 드레이크… 원하는 카드를 직접 만들어보세요!

★오프라인 전투로 손쉬운 성장★
플레이타임 효율 극대화!
오프라인 전투로 일상 중에도 캐릭터를 성장시키고, 남는 시간에는 친구들과 사진 찍고 수다를 즐겨보세요!

★안전 제련으로 +15까지 성공 보장★
고통스러운 강화 확률은 이제 안녕! 안전 제련 시스템으로 +0 → +15까지 안정적인 강화가 가능합니다.

★동료를 모아 길드전에 참여하라★
동료들과 함께 길드를 세우고, PVP 핵심 콘텐츠인 길드전에서 활약하세요! 다양한 멀티 플레이 던전도 당신을 기다립니다!
----------------------------------------------------------------------------------------------------
[접근권한 안내]
▶ 앱 이용 시 아래와 같은 접근 권한을 요청 합니다.
[필수적 접근권한]
저장공간 : 게임 데이터 읽기 및 저장에 사용합니다.

▶ 접근권한 철회방법
- 운영체제 6.0 이상 : 설정 > 어플리케이션 관리자 > 앱 선택 > 권한 > 접근권한 철회 가능
- 운영체제 6.0 미만 : 운영체제를 업그레이드하여 접근권한을 철회하거나 앱을 삭제
※ 앱이 개별 동의 기능을 제공하지 않을 수 있으며, 위의 방법으로 접근 권한을 철회할 수 있습니다.

[상품 정보 및 이용 조건 안내]
※ 유료아이템 구매 시 별도의 요금이 부과됩니다.
※ 확률형 아이템이 포함되어 있습니다.
- 공급자 : (주)그라비티 대표이사 박현철, KITAMURA YOSHINORI
- 이용조건 및 기간 : 게임 내 별도 고지된 내용에 따름
(사용기간이 표시되지 않은 경우, 서비스의 종료일까지를 사용기간으로 간주)
- 결제금액 및 방법 : 상품 별 별도 고지된 결제금액 및 결제방법에 따름
(외화 결제 시 환율 및 수수료 등으로 인해 실제 청구금액과 다를 수 있음)
- 상품지급방식 : 게임 내 구매 캐릭터 [메일] 함으로 즉시 지급
- 고객센터 : 02-1588-9897 (평일 오전10시~오후5시 (점심시간 12:30~13:30))
- 주소: 서울시 마포구 월드컵북로 396 (상암동, 누리꿈스퀘어연구개발타워 15층)
- 사업자 번호 : 201-81-56197
- 통신판매업 번호 : 제2008-서울마포-0207호

----------------------------------------------------------------------------------------------------
▶ 개인정보처리방침 바로가기
https://member.gnjoy.com/support/terms/common/commonterm.asp?category=mobile_privacy

▶ 이용약관 바로가기
https://member.gnjoy.com/support/terms/common/commonterm.asp?category=ROMC_terms
----
개발자 연락처 :
(주)그라비티 마포구 월드컵북로 396, 15층 (상암동,누리꿈스퀘어)
마포구, 서울특별시 03925
South Korea 2018156197 제 2008-서울마포-0207 호 마포구청",롤플레잉,https://play.google.com/store/apps/details?id=com.gravity.romkrzeny.aos&hl=ko&gl=kr,,,,,,
android,kr,com.ironpig.marriageConsulting2,"결심사 : AI 연애 상담, 결혼 고민 상담","연애 고민을 품고 계신가요?

결심사에서 익명으로 고민 상담 하고,
다양한 연애/결혼 고민 사례와 해법을 받아보세요!

석박사급 AI 5대가 무제한 상담 후 분석해주는
나도 모르겠는 내 속마음을 받아보세요.
----
개발자 연락처 :
주식회사 아이언피그 마포구 월드컵북로6길 57-6, 1층 (연남동)
마포구, 서울특별시 03991
South Korea 2348703557 없음 없음",라이프스타일,https://play.google.com/store/apps/details?id=com.ironpig.marriageConsulting2&hl=ko&gl=kr,,,,,,
android,kr,fac.doodle.howmuch,하우머치 - 알바 필수앱,"알바비 제대로 받는 첫걸음
간편하게 급여와 근무 스케줄을 확인하세요💰🗓
알바생도 사람이라구! 대한민국 500만 알바생의 대나무 숲!
150만명이 선택한 알바 필수앱 하우머치로 확인하세요

[주요 기능]

- 시급, 일급, 아르바이트, 프리랜서를 위한 건 별 근무까지 모두 지원해요
(시급계산기, 월급계산기, 급여계산기)
- 여러개의 알바를 하나의 달력으로 확인해요
(근무일지, 근무달력)
- 각종 수당(주휴수당, 야간수당, 연장수당, 휴일수당)을 자동으로 계산해요
- 4대보험, 세금도 설정할 수 있어요
- 가불, 상여, 연차, 월차 등 모든 내역을 입력할 수 있어요
- 내 주변 알바, 더 높은 시급의 알바를 찾아보세요!
- 편리하게 위젯으로 급여를 확인하세요
- 여러대의 기기에서 동시에 사용할 수 있어요
- 알바생들만의 익명 커뮤니티를 이용할 수 있어요!

문의 하기
- help_howmuch@jobis.co
- 앱 내 [설정] - [문의하기]

[선택적 접근 권한]
- 알림 : 서비스 이용에 필요한 알림 수신
* OS 설정 앱에서 접근 권한을 변경할 수 있습니다.
* 선택적 접근 권한은 해당 기능을 사용할 때 허용이 필요하며, 비허용시에도 해당 기능 외 서비스 이용이 가능합니다.
----
개발자 연락처 :
(주)자비스앤빌런즈 강남구 테헤란로44길 8 9층, 10층 (역삼동,아이콘역삼)
강남구, 서울특별시 06210
South Korea 1588600171 2017-서울강남-02346 본인직접신고",비즈니스,https://play.google.com/store/apps/details?id=fac.doodle.howmuch&hl=ko&gl=kr,,,,,,
android,kr,com.eugenefn.smartchampion2,유진투자증권 (계좌개설 포함),"유진투자증권을 이용해 주시는 고객 여러분께 진심으로 감사드립니다.
최상의 금융 서비스를 제공하기 위해 ‘스마트챔피언’이 새롭게 리뉴얼 되었습니다.

◼스마트챔피언 리뉴얼

1. MTS UI 개선
   - 고객 사용 편의성 증대를 위해 전체 메뉴 및 화면 UI 개선
   - 상품/업무별 메뉴 세분화 및 연관 메뉴 메뉴 탭 구성

2. 신규화면/기능 추가
 (1) 차트주문: 차트분석과 국내 주식 주문을 통합한 차트주문 화면 신규오픈
 (2) 관심종목: 종목명, 종목정보, 현재가, 대비/등락률, 거래량/전일대비 단일 화면 구성
 (3) 퀵버튼: 카테고리별 개인 지정 화면으로 즉시 이동 기능
 (4) 상세메뉴: 화면 하단에서 세부 메뉴를 통합조회 및 편집
 (5) 미니지수팝업: 지수티커를 터치하여 국내/외 지수, 잔고, 알림내역을 확인

◼스마트챔피언 주요 기능

1. 계좌개설부터 주식(국내/해외), 선물옵션, 금융상품, CFD거래, 신용/대출과
다양한 투자정보, 종목추천서비스까지 모두 한 번에 ‘스마트챔피언’에서 이용할 수 있습니다.

2. 필요한 서비스를 찾기 쉽게, 화면 이동 시간은 더욱 짧게 
  최적의 트레이딩 환경을 제공합니다.

3. 이체, 자동이체, 환전 등 뱅킹서비스와 청약, 신용/대출 등 업무신청을
  쉽고 간편하게 이용할 수 있습니다.

유진투자증권 '스마트챔피언' 이용 시 문의사항 및 건의사항은 유진투자증권 홈페이지 (www.eugenefn.com) 고객의 소리를 이용하시거나, 고객만족센터 1588-6300으로 문의해 주시기 바랍니다

항상 유진투자증권을 이용해 주시는 고객님께 감사드리며,
앞으로도 지속적인 업그레이드로 보다 나은 
서비스를 제공해 드릴 수 있도록 노력하겠습니다. 
감사합니다.

 ※  스마트챔피언 앱 이용을 위한 접근 권한 및 이용목적 안내

[필수적 접근 권한]
- 전화 : 기기정보 및 상태확인, 고객지원센터 연결
- 설치된 앱 : 전자금융거래 사고 방지를 위해 단말에 설치된 앱 중 위협이 될 수 있는 항목에 한해 수집

[선택적 접근 권한]
- 카메라 : 비대면 계좌개설을 위한 신분증 촬영
- 연락처(주소록) : 주식선물을 위한 연락처 접근
- 다른 앱 위에 그리기 : 보이는ARS 서비스
- 알림 : 종목, 지수 및 거래 관련 알림 등 푸시메시지(안드로이드 OS 13버전 이상)

 * 선택적 접근 권한의 허용에 동의하지 않아도 해당 접근 권한이 필요한 기능을 제외한 서비스 이용이 가능합니다.

 * 선택적 접근 권한의 허용 여부는 '스마트폰 설정 > 앱(어플리케이션) > 유진투자증권 > 권한' 에서도 설정하실 수 있습니다.

 * 안드로이드 6.0 미만에서는 선택적 접근 권한 허용 여부를 설정할 수 없으므로 안드로이드 OS 6.0 이상으로 업그레이드하고 이미 설치한 앱을 삭제 후 재설치 해야 합니다.",금융,https://play.google.com/store/apps/details?id=com.eugenefn.smartchampion2&hl=ko&gl=kr,,,,,,
android,kr,com.seapps.guthealth,장 건강 개선,"🌿 자연스럽게 장 건강을 개선하세요

장 건강은 우리 몸의 핵심입니다. 이 앱은 장 건강을 개선하고, 소화 시스템을 이해하며, 나에게 맞는 장 건강 식품을 찾는 데 도움을 줍니다. 식사, 증상, 기분을 기록하며 장 건강 문제를 해결하고, 장내 미생물 균형을 맞추어 속부터 편안함을 느껴보세요.

장 불편함, 더부룩함, 가스, 피로 등 어떤 증상을 겪고 있든, 나에게 맞는 유발 식품을 파악하고, 장 균형을 되찾으며, 내 라이프스타일에 맞는 자연적인 장 건강 관리법을 찾을 수 있도록 개인 맞춤형 정보를 제공합니다.

🍽️ 식사를 기록하고 패턴을 발견하세요

사진을 찍거나 직접 식사를 기록해 보세요. 스마트 AI가 식재료를 분석하고, 해당 음식이 위, 소화, 장에 어떤 영향을 미치는지 알려줍니다. 증상, 컨디션, 기분 등을 함께 기록하면 어떤 음식이 장내 미생물에 도움이 되고 해로운지 파악하는 데 도움이 됩니다.

시간이 지나면서 앱은 어떤 식사가 장 문제를 유발하고 어떤 식사가 장 건강에 좋은지 보여줍니다. 나쁜 균을 증식시키는 음식을 피하고 유익균을 늘리는 식단을 실천하는 방법을 알게 될 것입니다.

🧬 장 건강을 개선하고 장내 미생물 균형을 맞추세요

장내 미생물은 면역, 기분, 신진대사에 영향을 미치는 수조 개의 작은 유기체로 이루어져 있습니다. 유해균이 많아지면 장 건강에 문제가 생길 수 있습니다. 이 앱은 개인 맞춤형 기록과 과학적인 정보를 바탕으로 장내 미생물 균형을 자연스럽게 되찾도록 돕습니다.

다음과 같은 방법을 배울 수 있습니다:

-프로바이오틱스와 자연 요법으로 장내 유익균을 늘리는 방법
-소화를 원활하게 하고 영양 흡수를 돕는 방법
-장 불편함을 완화하고 균형을 회복하는 방법
-단계별로 소화 시스템을 강화하는 방법

🌿 장 건강을 위한 음식 및 영양 정보

나의 기록에 맞춰진 장 건강에 좋은 음식과 영양 정보를 확인하세요. 섬유질이 풍부한 식단부터 발효 식품까지, 장내 미생물 다양성을 높이는 식재료 조합 방법을 배울 수 있습니다.

남성과 여성 모두에게 적용할 수 있는 쉽고 과학적인 장 건강 관리법을 제시하며, 식단, 생활 습관, 호르몬이 소화 시스템에 미치는 영향을 알려줍니다. 다음과 같은 실질적인 팁을 얻을 수 있습니다:

-장 운동을 규칙적으로 개선하는 방법
-장기적으로 효과적인 장 건강 식단을 선택하는 방법
-자연 요법으로 장 문제를 완화하는 방법
-프로바이오틱스를 섭취하여 소화와 기분 균형을 개선하는 방법

🧘‍♀️ 장 건강 정보와 동기 부여

식사와 증상 기록 알림을 통해 꾸준히 관리하세요. 매일 장 건강 상태를 확인하고 긍정적인 습관을 만들면서 장 건강이 개선되는 것을 직접 느껴보세요. 앱은 장 건강 점수를 통해 소화 건강이 어떻게 변화하는지 시각적으로 보여줍니다.

나의 데이터는 몸 상태를 비춰주는 거울이 되어, 식단, 휴식, 기분이 장과 위 건강에 어떤 영향을 미치는지 파악하는 데 도움을 줍니다.

💪 이 앱이 마음에 드는 이유

-사진으로 간편하게 식사 기록
-식단이 장 건강에 미치는 영향 이해
-장 불편함의 원인 파악 및 완화
-자연스럽게 장 건강을 개선하는 개인 맞춤형 가이드 제공
-장내 미생물에 대한 과학적 정보 습득
-남녀 모두에게 유용한 장 건강 관리법 제시
-장, 장내 미생물, 소화 건강을 위한 지속 가능한 습관 형성

🌈 내면의 균형을 되찾으세요

장 문제가 무엇인지 추측만 하지 말고, 기록하고 변화를 시작하세요. 이 앱은 소화 시스템의 균형을 되찾고 매일 최상의 컨디션을 유지하는 데 필요한 정보와 장 건강 관리 도구를 제공합니다.

더 나은 장 건강을 위한 여정이 지금 시작됩니다.
기록하고. 배우고. 치유하세요. 🌿",건강/운동,https://play.google.com/store/apps/details?id=com.seapps.guthealth&hl=ko&gl=kr,,,,,,
android,kr,net.healyworld.healadvisoranalyse,HealAdvisor Analyse 2,힐어드바이저 분석 앱은 다양한 삶의 테마를 대상으로 정보 영역을 분석하는 기능을 제공합니다. 앱의 완전한 기능은 힐리 디바이스로만 이용할 수 있습니다.,라이프스타일,https://play.google.com/store/apps/details?id=net.healyworld.healadvisoranalyse&hl=ko&gl=kr,,,,,,
android,kr,com.dangpro,당프로 - 당 관리도 프로답게,"당프로는 혈당관리를 쉽고 효과적으로 할 수 있도록 도와주는 앱입니다. 건강검진 데이터를 분석하여 혈당 성적표를 제공하며, 혈당 기록, 식단 관리, 신체 활동(운동) 관리 기능을 포함하고 있습니다. 

주요 기능은 다음과 같습니다 : 
 
 > 혈당 성적표: 건강검진 데이터를 분석하여 제공되는 개인 맞춤형 혈당 성적표. 
 > 혈당 기록: 일일 혈당 기록을 통해 지속적인 모니터링 및 관리. 
 > 식단 관리: 건강한 식습관을 유지하기 위한 식이 습관 유형 분석 및 식단 미션 제공. 
 > 신체 활동 관리: 개인 맞춤 운동 영상 제공 및 하루 목표 걸음 걷기와 달성 여부 확인. 
 > 포인트 및 커머스몰: 혈당 기록 및 신체 활동을 통해 개인별로 포인트를 적립하고, 최대 5명까지 가족(그룹) 포인트를 모아서 사용할 수 있습니다. 적립된 포인트를 통해 커머스몰에서 대상웰라이프 뉴케어 당플랜 제품을 저렴하게 구매할 수 있습니다.",건강/운동,https://play.google.com/store/apps/details?id=com.dangpro&hl=ko&gl=kr,,,,,,
android,kr,com.eudi.patient,EuDi,"유디는 성장호르몬 투여 아이를 대상으로 올바른 성장호르몬의 사용정보 제공과 체계적인 투여관리 그리고 지속적인 성장관리 서비스를 제공하기 위한 어플리케이션입니다.

성장호르몬을 처방받은 아이들을 대상으로 한 투여관리 서비스 앱으로 성장호르몬을 처방받지 않은 사용자의 회원가입은 승인되지 않습니다.

이 앱은 의료 전문가의 진단 또는 치료를 대체하지 않으며,
건강 관련 모든 결정은 반드시 전문 의료진과 상의하시기 바랍니다.
앱을 통해 제공되는 성장 그래프는 사용자가 직접 입력한 값을 기반으로한 단순 참고용 그래프입니다.

[선택 접근 권한]
- 위치: 스마트 케이스와 Bluetooth 연결을 위해 사용됩니다.
스마트 케이스와 연결을 시도할 경우 필요한 기능이며, 실제 위치 정보는 수집하지 않습니다.",의료,https://play.google.com/store/apps/details?id=com.eudi.patient&hl=ko&gl=kr,,,,,,
android,kr,net.metamedi.app,요양병원 윤과장(보호자용),"본 앱은 요양병원에 입원 중인 환자의 보호자를 위한 전용 서비스입니다.
병원에서 제공하는 정보를 보호자께서 모바일로 안전하고 편리하게 확인하실 수 있도록 구성되어 있습니다.

보호자 로그인 후, 환자와 관련된 주요 정보를 한눈에 확인하고
면회·외출 관련 신청을 간편하게 이용하실 수 있습니다.


-주요기능-
1. 진료비 조회
-병원 방문 없이 간편한 진료비 결제
-입원 기간 동안 발생한 진료비 내역을 실시간으로 확인
-매월 자동 청구 
-결제카드 등록
-진료비 결제 영수증

2. 면회, 외출/외박 신청
-실시간 면회, 외출/외박 신청 및 취소
-신청 목록 확인
----
개발자 연락처 :
(주)에스티메디 대한민국 부산광역시 동래구
동래구 금강공원로 11, 10층 1001호(온천동, 온천 메디 플러스)
47711 6318702972 2026-부산동래-0141 동래구청장",라이프스타일,https://play.google.com/store/apps/details?id=net.metamedi.app&hl=ko&gl=kr,,,,,,
android,kr,kr.co.munyak,먼약 - AI 의약품 검색,"의약품 검색, 이제는 더 쉽고 편리하게!
의료 종사자와 일반 사용자 모두를 위한 무료 의약품 검색 앱 먼약

● AI 에이전트
· 상품 비교 AI 에이전트
· 상품의 상세 정보를 AI에게 자유롭게 질문해보세요
· 이 서비스는 정보 제공 목적이며, 전문 의료 조언을 대체하지 않습니다. 의약품 사용 전 반드시 의사나 약사와 상담하세요.

● 스마트 검색 
· 키워드 검색: 효능/주의사항 빠르게 확인
· 모양 검색: 알약의 색상·모양으로 검색
· 회사별 검색: 제조사 기준으로 검색

● 즐겨찾기 & 클라우드 동기화
· 자주 찾는 약을 즐겨찾기로 저장
· 폴더/태그로 그룹 관리
· 클라우드 동기화로 웹사이트(munyak.co.kr)와 모바일 앱에서 언제 어디서나 동일하게 이용 가능
· PDF 내보내기로 즐겨찾기 공유/보관

● 건강 관리
· 혈당/혈압/당화혈색소 기록 기능
· 기록을 PDF 리포트로 생성해 의료진과 공유
· 복용 알림으로 약 복용 시간 관리

● 건강기능식품 검색

● 약국 찾기

● 신뢰할 수 있는 데이터 
데이터는 식품의약품안전처(www.mfds.go.kr)와 건강보험심사평가원(www.hira.or.kr) 등의 국가행정기관에서 제공합니다. 

사용하시면서 불편하신 점을 이메일로 알려주시면, 빠른 시일 내에 개선하겠습니다.

- 인스타그램: @yakppal
- 홈페이지: munyak.co.kr 
- 고객문의 메일: support@yakppal.com
----
개발자 연락처 :
Yakppal, Inc. 대한민국 15523 경기도 안산시
상록구 수인로 628-16(사사동) 4408701611 제2020-경기안산-1331호 안산시",의료,https://play.google.com/store/apps/details?id=kr.co.munyak&hl=ko&gl=kr,,,,,,
android,kr,org.kdrug.drug.search,의약품 검색,"약학정보원에서 제공하는 의약품 검색에 대한 어플리케이션입니다.

- 의약품의 제품 검색
- 의약품의 낱알 식별 검색

추후 상호작용등에 대한 검색도 지원할 예정입니다.
----
개발자 연락처 :
(재)약학정보원 대한민국 서울특별시 서초구
서초구 효령로 194(서초동)
06708 214-82-06424 2013-서울서초-0524 없음",의료,https://play.google.com/store/apps/details?id=org.kdrug.drug.search&hl=ko&gl=kr,,,,,,
android,kr,com.ucrm.genie,유비스 지니,"▶▶▶유비스 지니란?

감성 CRM 유비스에서 새롭게 선보이는 안드로이드 전용 어플리케이션으로, 램프의 요정
지니처럼 유비스 사용자분들의 성공을 도와드리기 위한 야심작입니다.

▶▶▶유비스 지니에 적용된 특허기술

      1) 통화이력 자동저장 기능을 활용한 고객관리서비스 방법(특허 획득)
      2) 폰번호 자동업데이트 관리 서비스 방법 및 시스템(특허 획득)
      3) 발신자 정보이력을 제공하는 고객관리서비스 방법(승인 대기중)

▶▶▶유비스 지니 사용방법

      1) 유비스에 회원가입을 합니다(www.u-bis.com)
      2) 유비스 지니를 설치합니다
      3) 어플을 실행하신 후 유비스 아이디/비번 인증을 받습니다
      4) 간편 비밀번호를 설정하고 유비즈 지니에 입장합니다
      5) 데이터베이스 동기화 작업이 완료되면 정상적인 사용이 가능합니다

▶▶▶주요 서비스

      ㄱ. 매일 아침, '오늘의 일정 자동보고' 서비스
      ㄴ. 통화연결 시 '발신자 정보제공' 서비스
      ㄷ. 통화 중 '고객정보 및 스케줄 검색' 서비스
      ㄹ. 통화 후 '통화이력 자동저장 및 스케줄/메모' 서비스
      ㅁ. 통신상태의 제약 없이 '고객정보/스케줄/접촉이력 조회' 서비스
      ㅂ. 고객 폰번호 변경 시 '폰번호 자동변경(폰북, 웹서버)' 서비스
      ㅅ. 유비스 웹서비스 이용 시 '통신상태 자동점검 및 알림' 서비스
      ㅇ. 간편비밀번호와 실시간 데이터 동기화 서비스
      ㅈ. 고객정보 3단게 암호화 처리 및 폰 분실 시 고객정보 자동삭제' 서비스

※ 개발 - (주)UCRM / 미래전략연구소 / 개발팀
※ 홈페이지 - www.u-bis.com
※ 감성 CRM 유비스(www.u-bis.com)의 정상 회원만 사용이 가능합니다
※ 안드로이드 2.2 버전 이하에서는 일부 기능이 동작하지 않을 수 있습니다
----
개발자 연락처 :
(주)유씨알엠 대한민국 서울특별시 영등포구
영등포구 당산로41길 11, E동 1004호 (당산동4가,당산에스케이브이1센터)
07217 106-86-52246 2015-서울특별시-0560호 직접 신고",비즈니스,https://play.google.com/store/apps/details?id=com.ucrm.genie&hl=ko&gl=kr,,,,,,
android,kr,com.lemonhc.mcare.kanam,고려대학교 안암병원,"내일정
병원에서의 진료, 검사 일정을 한번에 볼 수 있습니다.

진료도착확인
진료과 도착확인을 직접 할 수 있습니다.
조금 더 빨리 진료를 보실 수 있어요.

진료예약
모바일앱에서 진료예약을 간편하게 할 수 있습니다.
예약내역도 조회할 수 있어요.

진료내역
병원에서 진료를 본 내역을 간편하게 확인 할 수 있습니다.

차량번호
내정보관리에서 차량번호를 등록할 수 있습니다.
출구에서 영수증 제시없이 바로 출차 할 수 있어요.

환자경험과 관련한 서비스가 계속 추가될 예정입니다.",의료,https://play.google.com/store/apps/details?id=com.lemonhc.mcare.kanam&hl=ko&gl=kr,,,,,,
android,kr,com.carelabs.healo,"힐오 – 암병원·암요양병원 찾기, 실시간 암상담 앱","힐오는 암병원·암요양병원 찾기, 실시간 암상담, 검사결과지해석 등 치료 여정 전반에 필요한 정보를 한 곳에서 확인할 수 있는 암 정보 플랫폼입니다.

■ 전국 암병원·의사 정보 한눈에 확인
전국 암병원과 소속 의사 정보를 한눈에 확인하고, 전문 분야·경력·논문 정보를 비교해 내 상황에 맞는 병원을 선택할 수 있습니다.

■ 전국 암요양병원 정보 조건별 확인
전국 암요양병원을 지역별로 확인하고, 상급병원 주변 기준으로도 찾아볼 수 있습니다. 병실 유형, 입원 비용, 비급여 치료비, 유기농 식단, 간호 등급, 산책로 여부, 보호자 상주 가능 여부 등 치료·회복 과정에 필요한 조건을 기준으로 암요양병원 정보를 비교해 선택할 수 있습니다.

■ 실시간 암상담, 24시간 암 정보 AI
암상담을 통해 필요한 순간, 24시간 실시간으로 궁금증을 해결할 수 있습니다. 의학 전문 자료를 학습한 암 정보 AI가 비공개 1:1 채팅으로 답변하며, 대화 맥락을 기억해 맞춤 후속 답변까지 제공합니다. 암 식단·암 운동·암 치료제 등 궁금한 건 모두 확인 가능합니다.

■ 검사결과지해석, 3분 해석
조직검사결과지·수술기록지·CT·MRI 등 검사결과지를 검사결과지 해석 특화 AI가 3분 만에 쉽고 빠르게 해석해드립니다.

■ 암종별 맞춤 암 정보 제공
갑상선암, 간암, 담관암, 대장암, 위암, 유방암, 전립선암, 췌장암, 폐암 등 9개 암종별로 진단·치료·회복 단계에 필요한 암 정보를 콘텐츠로 제공합니다.

■ 실제 환우 경험을 담은 후기 콘텐츠
수술 전·후 후기부터 진단 이후 치료 경험까지, 실제 환우들의 생생한 후기를 통해 치료 과정을 미리 살펴볼 수 있습니다.

■ 암환자·보호자를 위한 커뮤니티 공간
암종·치료 단계별로 환자와 보호자의 실제 경험을 확인하고, 식단, 운동, 부작용 등 치료 과정에 필요한 암 정보를 함께 나눌 수 있습니다. (갑상선암, 간암, 담관암, 대장암, 위암, 유방암, 전립선암, 췌장암, 폐암, 기타암 커뮤니티 제공)

■ 힐오는 이런 분들께 추천합니다!
✅ 암 진단 후 무엇부터 시작해야 할지 막막한 분
✅ 전국 암병원과 의사 정보를 비교하고 싶은 분
✅ 병원 밖에서 생기는 궁금증을 실시간 암상담으로 확인하고 싶은 분
✅ 어려운 검사결과지를 빠르게 이해하고 싶은 분
✅ 수술·항암·방사선 치료 이후 암요양병원을 찾고 있는 분
✅ 암환자를 돌보며 치료·회복 정보를 함께 찾는 보호자

지금 힐오를 설치하고 실시간 암상담, 검사결과지해석, 암병원·암요양병원 정보를 한 곳에서 확인하세요.

※ 힐오의 정보와 상담은 의료적 진단이나 치료 결정을 대신할 수 없으며, 개인의 치료 결정은 반드시 담당 의료진과 상의하시기 바랍니다.

선택 접근 권한 안내
알림: 중요 공지사항 및 상담 알림 수신
※ 선택 접근 권한에 동의하지 않아도 서비스 이용이 가능합니다.

문의 안내
마이페이지 > 고객 문의
이메일: heal-o@carelabs.co.kr

㈜케어랩스 | 서울 강남구 역삼로2길 16, 에스타워 8층",라이프스타일,https://play.google.com/store/apps/details?id=com.carelabs.healo&hl=ko&gl=kr,,,,,,
android,kr,org.unhcr.verifyplus,UNHCR Verify Plus,"UNHCR Verify Plus는 UNHCR 또는 UNHCR의 파트너가 난민 및 망명 신청자에게 발급한 신분증의 진위 여부를 확인할 수 있는 무료 모바일 앱입니다. 신분증에 인쇄된 QR코드로 인증이 자동으로 이루어집니다.

이 앱은 유엔난민기구(UNHCR)와 함께 난민 보호 및 지원 활동에 참여하는 정부 기관 및 NGO에서 사용하도록 제작되었습니다.

앱은 사용자 친화적인 인터페이스 덕분에 사용하기 쉽습니다. 인터넷 연결 여부에 관계없이 사용할 수 있습니다. 앱을 사용하려면 소셜 네트워크 계정, 개인 이메일 또는 UNHCR 기업 이메일로 로그인해야 합니다. 확인하려면 QR 코드를 스캔할 수 있는 신분증이 있어야 합니다.",도구,https://play.google.com/store/apps/details?id=org.unhcr.verifyplus&hl=ko&gl=kr,,,,,,
android,kr,com.beluga.brainok,브레인오케이 - 5분 안에 치매 위험 탐지,"브레인오케이는 5분 만에 인지기능을 측정하고,
치매나 경도인지장애 위험을 조기에 탐지할 수 있는 과학적 뇌 건강 앱입니다. 
병원 방문 없이, 집에서 스마트폰으로 간편하게 확인하세요. 

▣ 빠르고 정확한 '5분 측정' 
- 기억력, 주의력, 실행능력 등 주요 인지영역을 간단히 테스트 할 수 있어요. 
- 서울대 의대 연구팀과 뇌공학자, 임상심리학자와 함께 의학적으로 입증된 측정 방법으로 두뇌 측정 게임을 개발했어요.

▣ 개인별 맞춤형 결과 보고서 
- 인지 영역별 정밀한 측정 결과로 내 두뇌 건강 상태를 한눈에 파악할 수 있어요.  
- 당신의 두뇌는 몇 살일까요? 지금 나의 마음은 건강한걸까요?

▣ 두뇌 훈련 콘텐츠도 함께 
- 매일 즐길 수 있는 뇌 자극 게임을 플레이 할 수 있어요. 
- 인지기능 저하를 예방하고, 집중력과 기억력 향상에 도움을 줍니다.

▣ 이런 분들께 추천합니다 
- 요즘 자꾸 깜빡깜빡하거나 집중이 잘 안 되는 분
- 기억력이나 판단력이 예전 같지 않다고 느끼는 분
- 치매나 인지저하를 미리 예방하고 싶은 분
- 부모님의 뇌 건강 상태가 걱정되는 가족
- 병원 방문 전, 먼저 스스로 상태를 점검해보고 싶은 분
- 두뇌훈련이나 뇌건강 관리에 관심 있는 모든 성인



※ 브레인오케이는 치매 위험도 예측을 위한 인지기능 저하 정도를 측정하는 어플리케이션이며 치매 진단을 목적으로 하지 않습니다. 정확한 진단을 위해서는 전문가와 상담하시기 바랍니다.

※ 브레인오케이는 우울/불안 등의 정서적 질환의 위험도를 측정하는 어플리케이션이며 정신 질환 진단을 목적으로 하지 않습니다. 정확한 진단을 위해서는 전문가와 상담하시기 바랍니다.

※ 접근권한 안내
[선택 접근 권한]
- 마이크 : 언어 영역 측정 시 음성으로 답하는 항목이 있어 마이크를 사용합니다.
- 알림 : 인지 측정 상태와 활동을 알림 받기 위해 사용합니다.
----
개발자 연락처 :
(주)벨루가 대한민국 13622 경기도 성남시
분당구 구미로192번길 21, 103호(구미동, 아델하임) 1858102725 제2024-성남분당B-0379호 직접신고",건강/운동,https://play.google.com/store/apps/details?id=com.beluga.brainok&hl=ko&gl=kr,,,,,,
android,kr,com.rermedapps.surgeryosce,외과 OSCE 가이드,"외과 OSCE 기술을 자신 있게 마스터하세요! 🩺  
이 앱은 의대생, 전공의, 그리고 OSCE, MRCS, USMLE Step 2 & 3 시험을 준비하는 의사를 위해 설계된 외과 시험, 임상 증례 및 구술 Q&A 종합 가이드입니다.  

체계적인 체크리스트, 흔한 외과 증례, 임상 징후와 증상, 시험 대비 노트를 제공하여 실기 시험과 임상 현장에서 모두 도움을 줍니다.  

✨ 주요 기능:  
   📋 외과 검사 – 계통별, 부위별 단계적 OSCE 체크리스트  
   🩻 임상 증례 – 흔한 외과 증례의 핵심 소견 및 관리 방법  
   🎯 OSCE 가이드 – 스테이션별 구조적 접근 및 임상 추론  
   📚 구술 Q&A – 시험 스타일의 질문과 간결한 답변으로 복습  
   🖼️ 임상 징후 및 증상 – 시험에 필요한 사진 및 설명 참고 자료  
   🧠 플래시카드 – 외과 핵심 지식, 징후 및 절차를 빠르게 복습  
   📝 시험 준비 – MRCS, USMLE Step 2 & 3 및 외과 시험 대비 노트  

시험 준비든 임상 실습이든, 이 앱은 간결하고 신뢰할 수 있는 구조적 외과 리소스를 제공합니다.  

대상:  
- 의대생  
- 외과 전공의  
- OSCE, MRCS, USMLE 시험 준비 의사  

📩 고객 지원: contact@rermedapps.com  
🔒 개인정보 처리방침: https://rermedapps.com/privacy-policy  

⚠️ 면책 고지: 본 앱은 교육 목적으로만 제공되며 전문적인 의학적 판단을 대체하지 않습니다. 진단이나 치료 도구가 아닙니다. 설명 및 스크린샷의 일부 기능은 구독 또는 일회성 구매가 필요할 수 있습니다.",의료,https://play.google.com/store/apps/details?id=com.rermedapps.surgeryosce&hl=ko&gl=kr,,,,,,
android,kr,com.ubtrobot.robotvacuum.overseas,U Vacuum,"U Vacuum은 전례 없는 스마트 홈 청소 경험을 선사할 첨단 기술 기반 애플리케이션입니다. V10 로봇청소기의 중앙 제어 시스템인 U Vacuum은 직관적이고 포괄적인 운영 서비스 제공에 중점을 두고 있어 손끝에서 스마트한 청소 여정을 쉽게 즐길 수 있습니다.

U Vacuum을 다운로드하고 설치하면 언제 어디서나 V10의 작동 상태를 원격으로 제어하고 추적할 수 있습니다. 단 한 번의 클릭으로 최대 10배 더 강력한 초강력 흡입 모드를 활성화하거나 다양한 청소 계획을 맞춤 설정할 수 있습니다. 청소 제한 구역 설정, 가상 벽 설정, 선택적 구역 청소 달성, 청소 구역 자유롭게 분할, 청소 순서 유연 조정 등 집 안의 다양한 기능 구역에 대한 다양한 청소 요구 사항을 충족하기 위해 원하는 대로 모든 작업을 수행할 수 있습니다.

유진공은 V10 로봇청소기의 작동 상태에 항상 주의를 기울이고 있으며, 기기 상태에 대한 피드백을 제공하여 항상 최적의 상태를 유지할 수 있도록 합니다. 이를 통해 효율적인 청소와 걱정 없는 사용이 함께 이루어지며 이상적인 스마트 생활 공간을 함께 구축할 수 있습니다.",도구,https://play.google.com/store/apps/details?id=com.ubtrobot.robotvacuum.overseas&hl=ko&gl=kr,,,,,,
android,kr,diagnox.com.urinox,Urinox,"Urinox 앱을 사용하여 Urinox 딥 스틱 뇨 분석 결과를 추적하십시오.

시간 경과에 따른 다음 지표의 진행 상황을 모니터하고 추적하십시오.
1. 백혈구
2. 아질산염
3. 우로 빌리 노겐
4. 단백질
5. pH
6. 피
7. 비중
8. 케톤
9. 빌리루빈
10. 포도당",건강/운동,https://play.google.com/store/apps/details?id=diagnox.com.urinox&hl=ko&gl=kr,,,,,,
android,kr,com.sosocompany.drivertest,운전적성정밀검사 테스트,"운전적성 정밀 검사
시험에 합격하기 위해 연습 할 수 있는 앱입니다.

운전적성 정밀검사에 지원하시는 모든 분들을 응원합니다.

문의 / 건의 사항은 : sososoftcompany@gmail.com",캐주얼,https://play.google.com/store/apps/details?id=com.sosocompany.drivertest&hl=ko&gl=kr,,,,,,
android,kr,com.turu.attachmentstyleapp,애착 유형 검사,"나는 연애할 때 어떤 사람일까?

24개의 질문으로 나의 애착 유형을 알아보세요.
성인 애착 이론을 기반으로, 연애에서 나타나는 관계 패턴을 분석합니다.

4가지 애착 유형 진단
• 안정형 – 친밀함과 독립성의 균형을 유지하는 유형
• 불안형 – 거리감에 민감하고 확인을 원하는 유형
• 회피형 – 독립성을 중시하고 감정 표현이 조심스러운 유형
• 혼란형 – 친밀함을 원하면서도 두려움을 느끼는 유형

이런 분들께 추천합니다
• 연애할 때 반복되는 패턴이 궁금한 분
• 상대방과의 소통 방식을 개선하고 싶은 분
• 나의 관계 성향을 객관적으로 이해하고 싶은 분

특징
• 3~5분이면 완료되는 간편한 검사
• 유형별 핵심 특성, 강점, 주의점, 소통 팁 제공
• 성장을 위한 맞춤 가이드 포함

※ 본 검사는 자기 이해를 돕기 위한 도구이며, 전문적인 심리 진단을 대체하지 않습니다.",라이프스타일,https://play.google.com/store/apps/details?id=com.turu.attachmentstyleapp&hl=ko&gl=kr,,,,,,
android,kr,kr.co.eptec.dementia.dongjak.dementiatest1,기억꼭그림검사,"동작구치매안심센터장인 서울대의대 이준영 교수팀이 네이버의 지원으로 개발한 본 치매검사는 기존 문답형식의 치매 선별검사와는 달리 스마트폰에서 그림으로 검사가 진행되어, 문맹인 어르신들도 병원이나 치매안심센터에 방문하지 않고 어려움 없이 집에서 검사를 시행할 수 있는 기억꼭그림치매검사입니다.
본 서비스는 무료로 이용 가능하며 검사 결과에 따라 개별연락을 통한 서비스 안내 및 맞춤형 관리가 제공됩니다.


문의 : 동작구치매안심센터 ☎02)598-6088",건강/운동,https://play.google.com/store/apps/details?id=kr.co.eptec.dementia.dongjak.dementiatest1&hl=ko&gl=kr,,,,,,
android,kr,com.cosmo.cup.customer,자원순환보증금,"● 선도지역(제주, 세종)에서 1회용 컵 보증금제도가 시행중이며, 제도를 시행하는 판매점에서 1회용 컵으로 음료류를 구매할 때 제품 가격과 보증금을 함께 지불하고, 사용한 1회용 컵을 반납할 때 보증금을 돌려받을 수 있습니다.
● 빈용기 반환 편의를 높이기 위해 전라도 전주, 영광지역 공공장소에서 무인회수기(앱 반환)를 시범운영합니다. 소주·맥주병 등 빈용기보증금이 포함된 제품에 한하여 무인회수기를 통해 편리하게 보증금을 돌려받을 수 있습니다.
● COSMO 자원순환보증금 앱으로 보증금을 반환받고, 가까운 반환장소를 찾아보세요. 

[주요기능]
* 보증금제도 소개
* 보증금 반환 및 내역조회
* 가까운 반환장소찾기
* 고객지원(공지사항, 문의하기, 자주하는 질문, 약관안내)

[오류 및 문의] 
* 궁금하신 내용이나 건의사항은 앱 내 [문의하기] 메뉴를 이용해주시기 바랍니다.",금융,https://play.google.com/store/apps/details?id=com.cosmo.cup.customer&hl=ko&gl=kr,,,,,,
android,kr,kr.co.inergy.selftest,치매체크,"치매종합포털앱 ‘치매체크’ 앱에서 다양한 치매종합서비스를 제공 받을 수 있습니다.
치매체크는 사용자별로 맞춤형 서비스 메뉴가 제공됩니다

● 치매위험체크
스스로 간단한 검사를 통해 치매위험여부를 알 수 있으며, 스마트폰이 없거나 사용이 어려운 분들은 보호자가 검사 해드릴 수 있습니다.

● 뇌건강트레이너
사용자 스스로 자신의 치매위험 수준을 확인할수 있으며, 결과에 따른 사용자 맞춤형 치매예방수칙을 알려드립니다.

● 돌봄다이어리
치매환자를 돌보는 가족 및 전문인력의 부담을 덜어 주는 스마트한 환자관리, 상담서비스를 받을 수 있으며, 돌봄 정보를 제공합니다.

● 배회감지서비스
치매환자의 실종을 예방하기 위해 실시간으로 배회감지서비스를 이용하여 환자위치를 파악할 수 있으며, 실종자 찾기 지원서비스를 제공해드립니다.


치매가 있어도 불편하지 않은 대한민국, 치매로부터 가장 먼저 자유로워지는 대한민국, 보건복지부와 중앙치매센터가 함께 합니다!",건강/운동,https://play.google.com/store/apps/details?id=kr.co.inergy.selftest&hl=ko&gl=kr,,,,,,
android,kr,com.heeee.simple_mbti,MBTI 1분 검사,"🌟 내 성격 유형을 가장 쉽고 빠르게 알아보세요!

복잡한 심리 검사 대신, 간결하고 핵심적인 질문들을 통해 당신의 MBTI 성격 유형을 바로 진단합니다.

✅ 주요 기능:

1. 즉각적인 MBTI 결과: 간단한 테스트로 몇 분 안에 나의 성향을 파악합니다.

2. 깔끔한 결과 이미지 저장: 검사 결과를 멋진 디자인의 이미지로 만들어 스마트폰 갤러리에 저장할 수 있습니다.

3. 쉬운 공유: 카카오톡 등 SNS로 친구, 지인들에게 바로 결과를 공유하고 함께 이야기 나눠보세요!

🔄 정확도를 높여주는 반복 검사:

단 하나의 테스트로 만족하지 마세요! 저희 앱은 여러 버전의 질문 세트를 제공하여, 반복적인 검사를 통해 자신의 성격 유형을 더욱 입체적이고 정확하게 파악할 수 있도록 돕습니다.

💡 심화 정보 제공:

검사 결과와 함께, 당신의 유형과 찰떡궁합인 성격 유형과 나의 강점을 살릴 수 있는 추천 직업 정보도 함께 참고해보세요. 나를 더 깊이 이해하고 미래를 설계하는 데 도움이 될 거예요.

지금 바로 다운로드하고, 진짜 '나'를 만나보세요!
----
개발자 연락처 :
안정모 별내면 청학로114번길 34
청학주공7단지, 710동 104호
남양주시, 경기도 12079
South Korea 3082402344 2026-별내-0112 히블링스",라이프스타일,https://play.google.com/store/apps/details?id=com.heeee.simple_mbti&hl=ko&gl=kr,,,,,,
android,kr,appinventor.ai_pinojun67.xray_manual,방사선검사법,1인이 근무하여 방사선검사법(x-ray 검사) 교육 기회가 부족한 방사선사나 학생들의 교육 자료로 활용하기 위해 제작되었습니다. 기본적인 선량 교육자료가 추가되었습니다.,교육,https://play.google.com/store/apps/details?id=appinventor.ai_pinojun67.xray_manual&hl=ko&gl=kr,,,,,,
android,kr,com.modim.s_human_healthcare,S휴먼헬스케어,"항산화관리는?
소변 기반 스마트 자가 검사 키트로, 우리 몸의 산화 정도
즉, 노화와 각종 질병의 주범이라 알려진 ‘체내 활성산소 농도’를 
쉽고 간단한 방법으로 검사할 수 있도록 해주는 솔루션입니다. 

항산화관리 소변시험지
비침습적인 방법으로 체내 활성산소 농도를 검사할 수 있는 도구로,
스틱 형태의 시험지 끝부분에 소변을 묻히면 소변에서 검출된
MDA(Malondialdehyde) 양을 통해 체내 활성산소 농도를 알 수 있음 

S휴먼헬스케어 측정판
스마트폰으로 촬영 시 발생할 수 있는 문제인 촬영 각도, 시험지 위치, 
빛의 양 등을 자동으로 보정하여 검사 정확도를 높여주는 장치

S휴먼헬스케어 모바일 앱
S휴먼헬스케어 항산화관리 시험지를 검사해 주고 결과를 알려주며,
저장된 데이터를 통해 내 몸의 변화를 한눈에 알아보기 위한 장치",건강/운동,https://play.google.com/store/apps/details?id=com.modim.s_human_healthcare&hl=ko&gl=kr,,,,,,
android,kr,com.webmd.ways,Wellness At Your Side,"WebMD ONE의 '웰니스 앳 유어 사이드' 앱은 맞춤형 도구, 지원, 그리고 보상까지 모두 한 곳에서 제공하여 건강 여정의 다음 단계를 함께합니다. 지속 가능한 건강 습관을 만들거나, 만성 질환을 관리하거나, 단순히 건강에 대해 더 자세히 알아보고자 할 때, WebMD ONE은 언제나 여러분 곁에 있습니다. 맞춤형 경험을 통해 항상 새롭고 유익하며, 무엇보다 동기 부여가 되는 콘텐츠를 제공합니다. WebMD ONE과 함께라면 건강은 단순한 목표가 아닌, 역동적인 여정이 됩니다.

이 앱을 사용하려면 직장이나 건강 보험을 통해 WebMD Health Services 계정이 있어야 합니다.",건강/운동,https://play.google.com/store/apps/details?id=com.webmd.ways&hl=ko&gl=kr,,,,,,
android,kr,kr.co.wellfy,웰피 Wellfy - AI 웰니스 솔루션,"[웰피는 어떤 서비스인가요?]

‘웰피’는 웰니스 주요 3요소인 신체-영양-정신을 하나로 잇고
데이터 기반의 개인 맞춤 케어를 제공하는 온·오프라인 통합 웰니스 솔루션입니다. 

[웰피의 주요 기능은 무엇인가요?]

1. 온/오프라인 데이터 연동 및 통합
• 웰피 오프라인 디바이스에서 측정하거나 서비스를 이용한 데이터가 앱으로 연동됩니다.
• 삼성 헬스 앱과 스마트 워치를 연결하면 걸음수, 수면시간을 간편하게 확인할 수 있어요.
• 건강 검진 정보와 연결하면 내 몸의 건강수치를 빠르게 확인할 수 있어요.

2. 진정한 웰니스, 웰피 스코어
• 신체 측정(웰피 바디), 식습관 구매 기록(웰피 푸드), 마음 케어(웰피 마인드) 활동을 종합 분석하여 나의 건강 상태를 하나의 점수로 보여줍니다
• 균형 잡힌 웰니스 라이프를 위한 직관적인 지표를 제공합니다.

3. 데이터 기반 개인 맞춤 리포트
• 체성분, 혈압 등 바디 데이터와 푸드 소비 패턴, 마음 키워드를 AI가 분석하여 주간 리포트를 발행합니다.
• 전문적인 인사이트를 통해 내 몸의 변화 흐름을 깊이 있게 이해할 수 있습니다.

4. 웰니스 데이터
• 흩어져 있는 측정 데이터들을 모아 한눈에 확인하고 변화 추이까지 살펴봅니다.
• 수집된 복잡한 수치들을 사용자가 쉽게 이해할 수 있도록 직관적인 그래픽으로 제공합니다.

5. 동기부여 챌린지 및 배지 시스템
• 일상적인 습관 형성 챌린지 또는 경쟁형 챌린지에 참여하고 포인트 또는 명예로운 배지를 획득합니다
• 즐거운 성취감을 통해 건강한 습관을 지속 가능하게 만듭니다.

6. 리워드 기반 포인트 서비스
• 앱 활동 및 챌린지 성공으로 쌓은 포인트를 오프라인(웰피 푸드/웰피 마인드)에서 현금처럼 사용합니다.
• 건강 활동이 실질적인 혜택으로 돌아오는 리워드 경험을 제공합니다.

✔︎  문의사항은 아래로 연락해 주세요. 
• 카카오톡 웰피 고객센터 채널 @웰피 Wellfy
• 고객센터 이메일 wellness.biz@samsung.com

⛔︎반드시 확인해 주세요! 
• 웰피는 내 몸의 건강수치를 제공해 줌으로써 스스로 관리, 유지하고 의사와의 상담을 통한 진단과 치료에 도움을 줄 수 있습니다. 
• 자신의 자가 진단 및 치료를 위한 목적으로 사용하지 않습니다. 

[필수 접근 권한]
• 해당 없음

[선택 접근 권한]
• 동작 및 피트니스 : 건강 앱 연동으로 사용자 움직임 측정하기 위함입니다.
• 알림 설정 : 각종 활동에 대해 실시간으로 알림 받기 위한 기능입니다.",건강/운동,https://play.google.com/store/apps/details?id=kr.co.wellfy&hl=ko&gl=kr,,,,,,
android,kr,samsung.wellness.clinic.medisol,삼성웰니스의원,"삼성웰니스의원 예약 전용 앱입니다.
병원소개, 의료진소개 및 일정을 확인하실 수 있습니다.
본인과 가족의 예약까지 가능하며 예약 알림을 받아보실 수 있습니다.
----
개발자 연락처 :
(주)메디쏠 대한민국 서울특별시 송파구
송파구 법원로 128, C동 1010호(문정동, 문정에스케이브이운엘지메트로시티)
05854 7978801455 1661500242744311 송파구청장",의료,https://play.google.com/store/apps/details?id=samsung.wellness.clinic.medisol&hl=ko&gl=kr,,,,,,
android,kr,co.kr.wellcheck.diet,"웰다(Welda)-혈당, 다이어트, 저속노화, 이너뷰티","대사 건강 관리로 다이어트까지, 
당신의 내일을 바꾸는 No.1 혈당 관리 솔루션

■ 국내 유일 제약 기반 혈당 관리 솔루션, 웰다

웰다는 과학적 대사 원리를 기반으로, 건강하고 지속 가능한 다이어트를 추구하는 건강 관리 솔루션이에요. 혈당 데이터를 통해 내 몸의 반응을 이해하고 평생 가져갈 수 있는 습관을 형성해요.

■ 나만을 위한 완벽한 건강 코치

- All-in-One 스타터 키트: 웰다와 함께 다이어트를 시작할 필수품을 모두 담았어요. 올인원 키트로 다이어트를 시작할 준비를 끝내보세요.
- 똑똑한 나만의 건강 APP: 웰다 APP은 나의 혈당 데이터, 생활 습관 등 주요 정보를 모아 분석해 언제 어디서나 손쉽게 관리할 수 있어요. 대사 건강 주요 지표 기록을 통해 내 몸이 어떻게 변화하는지 확인해보세요.
- 과학적 대사 원리: 왜 혈당 데이터를 보는지부터 어떻게 더 잘 관리할 수 있을지까지, 웰다는 과학적인 대사 원리와 임상 데이터에 근거하여 건강한 변화를 만들어요.
- 효과로 검증된 프로그램: 수천 명이 웰다로 진짜 변화를 만들었어요. 검증된 결과가 보여주듯, 당신의 건강과 바디핏 변화도 현실이 될 거예요.
- 맞춤형 상품 큐레이션: 무엇을 먹을지 고민될 때는 웰다에게 물어보세요. 당신에게 딱 맞는 맛있고 건강한 레시피와 상품을 추천해드려요.

■ 변화를 만드는 웰다의 기능을 만나보세요

- 실시간 혈당 분석: 혈당 그래프로 내 몸의 반응을 확인하고, AI 피드백으로 정확한 원인과 대안을 찾아요. 이제 어떻게 하면 살이 빠질지 명확하게 알 수 있어요.
- 행동 변화 리워드: 건강한 습관, 리워드로 더 즐겁게 실천해보세요. 하루 미션 하나가 평생 건강을 바꿔요.
- 맞춤형 AI 코칭: 혈당 패턴과 라이프스타일을 바탕으로 나만의 건강 관리법을 제시하고, 꾸준히 실천할 수 있도록 동기부여까지 함께 해드려요.
- 딱 맞는 알림 타이밍: 당신의 행동 변화를 효과적으로 이끌어낼 수 있도록, 식사 시간엔 식사 기록 알람을, 혈당이 오르면 식후 활동 알람을, 때에 맞춰 알려드려요.
- 함께하는 도전: 커뮤니티에서 서로 응원하고, 챌린지로 재미있게 경쟁하며 끝까지 함께 목표를 달성해요.

■ 더 오래 간직할 수 있는 변화

- 바디핏 - 무작정 굶는 다이어트는 그만, 가장 완전하고 건강한 다이어트 웰다를 시작해보세요.
- 이너뷰티 - 계속되는 피부 트러블로 고민이셨나요? 웰다는 참여자의 피부 염증을 평균 83% 개선했어요.
- 저속노화 - 노화는 피할 수 없지만, 늦출 수는 있어요. 웰다로 지속 가능한 습관을 만들어보세요. 더 오래, 더 건강하게 사는 삶을 직접 실천해요.
- 만성질환 예방 - 만성질환은 치료보다 예방이 먼저예요. 웰다의 가이드를 따라오다보면 자연스럽게 예방을 실천할 수 있어요.
- 에너지 향상 - 무겁고 쉽게 지치는 몸, 생활 습관이 바뀌면 달라져요. 웰다가 올바른 습관을 형성해 몸의 에너지를 되찾아드릴게요.
- 수면 질 개선 - 올바른 습관이 수면의 질을 높인다는 것을 알고 계셨나요? 많은 참여자들이 웰다 후 수면의 질이 향상 되었다고 답했어요.
- 정서적 안정감 - 무엇을 먹느냐에 따라 달라지는 기분을 느껴보세요! 작은 식습관의 변화가 몸과 마음을 더 가볍고 건강하게 만들어줘요.

> 서비스에 대해 더 자세히 알고 싶다면?

- https://welda.co.kr/

>  문의사항은 아래로 연락해주세요.

- 웰다 채널톡 : https://welda.channel.io/home

※ 웰다는 의료 서비스 제공자가 아니며, 질병이나 의학적 상태를 진단, 치료, 치유 또는 예방하는 용도로 사용되지 않습니다. 웰다는 Freestyle Libre 시스템과 연동하여 혈당 모니터링을 제공하는 플랫폼으로, 의료 행위나 진료를 대체하지 않습니다. 본 앱에서 제공되는 데이터는 일반적인 건강 관리 목적을 위한 것이며, 진단 또는 치료를 제공하거나 의료 전문가의 조언을 대체하지 않습니다. 따라서 모든 의료 관련 결정은 반드시 의사와 상의하여 이루어져야 합니다.

• 개인정보처리방침
https://cdn-diet.well-check.co.kr/terms-of-service/privacy.html

[앱 권한]
서비스 제공을 위해 다음과 같은 접근권한을 필요로 합니다. 선택적 접근권한의 경우, 허용하지 않더라도 서비스의 기본 기능을 사용할 수 있습니다.

[선택적 접근 권한]
카메라: 프로필 설정, 식사, 운동 기록, 커뮤니티 사진 및 동영상 첨부
파일 및 미디어: 프로필 설정, 식사, 운동 기록, 커뮤니티 사진 및 동영상 첨부
----
개발자 연락처 :
(주)엠서클 대한민국 서울특별시 강남구
강남구 봉은사로114길 12, 지하1층, 6층(삼성동)
06170 288-87-03573 2009-서울강남-00209 서울특별시 강남구",건강/운동,https://play.google.com/store/apps/details?id=co.kr.wellcheck.diet&hl=ko&gl=kr,,,,,,
android,kr,com.equitysoft.younis_cardiology,Younis Cardiology,"유니스 심장내과 앱을 통해 혈압을 모니터링하고 측정값을 유니스 심장내과 의료진과 직접 공유하세요.

주요 기능

• 블루투스 혈압계 페어링 — 호환되는 블루투스 혈압계를 연결하면 측정값이 자동으로 동기화됩니다. 수동 입력이 필요 없습니다.

• 수동 입력 — 간편하고 직관적인 인터페이스로 혈압, 심박수, 체중을 빠르게 기록하세요.

• 차트 및 추세 — 대화형 차트를 통해 시간 경과에 따른 혈압 변화를 확인하세요. 7일 및 30일 평균을 한눈에 볼 수 있습니다.

• AI 기반 분석 — 측정값과 추세를 기반으로 개인 맞춤형 건강 분석 정보를 제공합니다.

• 스마트 알림 — 아침과 저녁 알림을 설정하여 측정 시간을 놓치지 마세요.

• 의료진에게 데이터 전송 — 탭 한 번으로 측정값을 의료진과 공유하세요. 의료진은 앱을 통해 데이터를 검토하고 답변을 제공합니다.

• 체중 추적 — 체중을 기록하고 BMI 추세를 추적하며 시간 경과에 따른 변화를 모니터링하세요.

• 투약 기록 — 복용 중인 약물을 추적하고 복용 알림을 설정하세요.

• 안전하고 개인 정보 보호 — 귀하의 건강 데이터는 암호화되어 담당 의료진과만 공유됩니다. HIPAA(미국 의료정보 보호법)를 준수하는 인프라를 사용합니다.

• 오프라인 사용 가능 — 측정값은 로컬에 저장되며, 다시 연결하면 자동으로 동기화됩니다.

유니스 심장내과(Younis Cardiology)는 유니스 심장내과 협회(Younis Cardiology Associates) 환자를 위해 설계되었습니다. 시작하려면 담당 의료진에게 진료 코드를 문의하세요.",건강/운동,https://play.google.com/store/apps/details?id=com.equitysoft.younis_cardiology&hl=ko&gl=kr,,,,,,
android,kr,com.modim.shuman_healthcare_urinalysis,S휴먼헬스케어UR,"S휴먼헬스케어 UR은 체외진단 의료기기로 인증받은 스마트폰 기반 소변검사 솔루션입니다.
병원에 가지 않고도 10가지 건강 항목을 쉽고 간단하게 검사하고, 빠르게 결과를 확인할 수 있어 일상 속에서도 편리하게 건강을 관리할 수 있습니다.

검사 방법은 간단합니다.
전용 검사지에 소변을 묻힌 후, 약 60~90초 뒤(백혈구 항목은 90초) 스마트폰 앱으로 촬영하면 자동으로 분석된 결과가 제공됩니다.
누구나 쉽게 사용할 수 있어 가정에서도 부담 없이 정기적인 건강 체크가 가능합니다.

검사 항목은 다음과 같이 구성되어 있습니다.

백혈구, 아질산염: 감염 여부 확인
빌리루빈, 우로빌리노겐: 간 건강 상태 파악
단백질, 비중, 잠혈: 신장 건강 정보 제공
포도당, 케톤체: 당뇨 관리 지표
pH(산도): 체내 산성·알칼리성 균형 상태

이처럼 총 10가지 항목으로 구성된 S휴먼헬스케어 UR은 다양한 건강 정보를 종합적으로 제공합니다.
검사 결과는 모바일 앱에 자동 저장되며, 그래프 형태로 변화 추이를 한눈에 확인할 수 있어 지속적인 건강 관리를 도와줍니다.

또한 가족 구성원을 추가하면, 나와 내 가족 모두의 건강을 함께 챙길 수 있어
일상 속 작은 습관이 모두의 건강한 내일로 이어집니다.

이제 S 휴먼헬스케어 UR과 함께 건강한 일상을 시작해보는 건 어떨까요?",건강/운동,https://play.google.com/store/apps/details?id=com.modim.shuman_healthcare_urinalysis&hl=ko&gl=kr,,,,,,
